"HITId","HITTypeId","Title","Description","Keywords","Reward","CreationTime","MaxAssignments","RequesterAnnotation","AssignmentDurationInSeconds","AutoApprovalDelayInSeconds","Expiration","NumberOfSimilarHITs","LifetimeInSeconds","AssignmentId","WorkerId","AssignmentStatus","AcceptTime","SubmitTime","AutoApprovalTime","ApprovalTime","RejectionTime","RequesterFeedback","WorkTimeInSeconds","LifetimeApprovalRate","Last30DaysApprovalRate","Last7DaysApprovalRate","Input.image_url","Answer.blouse","Answer.complexion","Answer.dress","Answer.earrings","Answer.eyeColour","Answer.facialHair","Answer.gender","Answer.glasses","Answer.hair","Answer.hairColour","Answer.hat","Answer.jacket","Answer.makeup","Answer.pants","Answer.scar","Answer.shirt","Answer.shoes","Answer.skirt","Answer.tattoo","Answer.tie","Answer.vest","Approve","Reject"
"3PA41K45VNCHRYPFXI188EJPJHL7PG","34S6YYW6IUZLVTHGW8NZS12OWZESBR","Create a simplified avatar for characters from film and tv and collect data from website.","We are conducting an academic study to parameterise film and tv characters physical appearances for the creation of visual novels. We would like you to look at an image of a film/tv character and use the link below to create a corresponding avatar.","data collection, website, data extraction,study, film, tv, character, avatar, customisation","$0.05","Mon Aug 10 07:05:57 PDT 2020","4","BatchId:4146567;OriginalHitTemplateId:928390828;","3600","259200","Mon Aug 17 07:05:57 PDT 2020","","","34BBWHLWHBJ7MB15IXO2GHCHZNAIW2","A3CFF2BT7P8FL4","Approved","Mon Aug 10 09:48:41 PDT 2020","Mon Aug 10 10:30:42 PDT 2020","Thu Aug 13 10:30:42 PDT 2020","Thu Aug 13 02:29:06 PDT 2020","","","2521","100% (2/2)","100% (2/2)","0% (0/0)","https://raw.githubusercontent.com/aoibheannamy/MScProject/master/ImagesForMechTurk/Snatch4180.jpg?token=APCQXYWEADJJMYZQGI2GRL27GQSN4","","#e5c298","","","#784421","","m","","wavy","#1a1a1a","top","suit","","suit","","","leather","","","","vest"
"3PA41K45VNCHRYPFXI188EJPJHL7PG","34S6YYW6IUZLVTHGW8NZS12OWZESBR","Create a simplified avatar for characters from film and tv and collect data from website.","We are conducting an academic study to parameterise film and tv characters physical appearances for the creation of visual novels. We would like you to look at an image of a film/tv character and use the link below to create a corresponding avatar.","data collection, website, data extraction,study, film, tv, character, avatar, customisation","$0.05","Mon Aug 10 07:05:57 PDT 2020","4","BatchId:4146567;OriginalHitTemplateId:928390828;","3600","259200","Mon Aug 17 07:05:57 PDT 2020","","","3EO896NRAX3BP5HH5A4R5YKI89ITJ2","A3AQHO43OYUO2I","Rejected","Mon Aug 10 12:09:06 PDT 2020","Mon Aug 10 12:10:52 PDT 2020","Thu Aug 13 12:10:52 PDT 2020","","Tue Aug 11 03:12:46 PDT 2020","Instructions were not followed correctly.","106","0% (0/11)","0% (0/11)","0% (0/6)","https://raw.githubusercontent.com/aoibheannamy/MScProject/master/ImagesForMechTurk/Snatch4180.jpg?token=APCQXYWEADJJMYZQGI2GRL27GQSN4","","","","","brown","short haair","male","","hair cut","light","","gray","","gray","","white","boots","","","",""
"3PA41K45VNCHRYPFXI188EJPJHL7PG","34S6YYW6IUZLVTHGW8NZS12OWZESBR","Create a simplified avatar for characters from film and tv and collect data from website.","We are conducting an academic study to parameterise film and tv characters physical appearances for the creation of visual novels. We would like you to look at an image of a film/tv character and use the link below to create a corresponding avatar.","data collection, website, data extraction,study, film, tv, character, avatar, customisation","$0.05","Mon Aug 10 07:05:57 PDT 2020","4","BatchId:4146567;OriginalHitTemplateId:928390828;","3600","259200","Mon Aug 17 07:05:57 PDT 2020","","","3IJXV6UZ1YR2EFKJJ3EWTI407K3RI4","A2DHDSYNFZZVUK","Approved","Wed Aug 12 00:30:52 PDT 2020","Wed Aug 12 00:35:13 PDT 2020","Sat Aug 15 00:35:13 PDT 2020","Thu Aug 13 02:29:06 PDT 2020","","","261","17% (1/6)","17% (1/6)","0% (0/1)","https://raw.githubusercontent.com/aoibheannamy/MScProject/master/ImagesForMechTurk/Snatch4180.jpg?token=APCQXYWEADJJMYZQGI2GRL27GQSN4","","","","","Brown","Rap industry  standard","Masculin","","Long hair","Brown","Cap","Black","","No","","White","","","","No","No"
"3PA41K45VNCHRYPFXI188EJPJHL7PG","34S6YYW6IUZLVTHGW8NZS12OWZESBR","Create a simplified avatar for characters from film and tv and collect data from website.","We are conducting an academic study to parameterise film and tv characters physical appearances for the creation of visual novels. We would like you to look at an image of a film/tv character and use the link below to create a corresponding avatar.","data collection, website, data extraction,study, film, tv, character, avatar, customisation","$0.05","Mon Aug 10 07:05:57 PDT 2020","4","BatchId:4146567;OriginalHitTemplateId:928390828;","3600","259200","Mon Aug 17 07:05:57 PDT 2020","","","3K4J6M3CXF1WJ7S7R4S7DG2ASREAGQ","AQB0TQPOGOFQE","Approved","Mon Aug 10 09:43:35 PDT 2020","Mon Aug 10 09:50:44 PDT 2020","Thu Aug 13 09:50:44 PDT 2020","Thu Aug 13 02:29:07 PDT 2020","","","429","80% (4/5)","80% (4/5)","0% (0/0)","https://raw.githubusercontent.com/aoibheannamy/MScProject/master/ImagesForMechTurk/Snatch4180.jpg?token=APCQXYWEADJJMYZQGI2GRL27GQSN4","","#ffdfc4","","","#182183","","m","","balding","#706a13","Cowboy","","","","","tshirt","","","","","vest"
"3DTJ4WT8BDNWEH6V7ZDG5MDKF3WEZU","34S6YYW6IUZLVTHGW8NZS12OWZESBR","Create a simplified avatar for characters from film and tv and collect data from website.","We are conducting an academic study to parameterise film and tv characters physical appearances for the creation of visual novels. We would like you to look at an image of a film/tv character and use the link below to create a corresponding avatar.","data collection, website, data extraction,study, film, tv, character, avatar, customisation","$0.05","Mon Aug 10 07:05:57 PDT 2020","7","BatchId:4146567;OriginalHitTemplateId:928390828;","3600","259200","Mon Aug 17 07:05:57 PDT 2020","","","30IQTZXKALEB4GPFOCVICWQSM3U0XT","A21S1BQ99OAAA","Approved","Tue Aug 11 07:44:09 PDT 2020","Tue Aug 11 07:53:46 PDT 2020","Fri Aug 14 07:53:46 PDT 2020","Thu Aug 13 02:29:04 PDT 2020","","","577","100% (1/1)","100% (1/1)","0% (0/0)","https://raw.githubusercontent.com/aoibheannamy/MScProject/master/ImagesForMechTurk/video4frame1080.jpg?token=APCQXYTRFUBUZQF4N4BVC2K7GQSSK","","#eeceb3","","","#616b28","","m","","balding","","","","","","","colar","","","","",""
"3DTJ4WT8BDNWEH6V7ZDG5MDKF3WEZU","34S6YYW6IUZLVTHGW8NZS12OWZESBR","Create a simplified avatar for characters from film and tv and collect data from website.","We are conducting an academic study to parameterise film and tv characters physical appearances for the creation of visual novels. We would like you to look at an image of a film/tv character and use the link below to create a corresponding avatar.","data collection, website, data extraction,study, film, tv, character, avatar, customisation","$0.05","Mon Aug 10 07:05:57 PDT 2020","7","BatchId:4146567;OriginalHitTemplateId:928390828;","3600","259200","Mon Aug 17 07:05:57 PDT 2020","","","352YTHGROWLVHE71290YLDSBFIYH4Q","A3AQHO43OYUO2I","Rejected","Mon Aug 10 12:10:52 PDT 2020","Mon Aug 10 12:12:04 PDT 2020","Thu Aug 13 12:12:04 PDT 2020","","Tue Aug 11 03:12:43 PDT 2020","Instructions were not followed correctly.","72","0% (0/11)","0% (0/11)","0% (0/6)","https://raw.githubusercontent.com/aoibheannamy/MScProject/master/ImagesForMechTurk/video4frame1080.jpg?token=APCQXYTRFUBUZQF4N4BVC2K7GQSSK","","","","","green","","male","","hair cut","brown","","tan","","","","red","","","","",""
"3DTJ4WT8BDNWEH6V7ZDG5MDKF3WEZU","34S6YYW6IUZLVTHGW8NZS12OWZESBR","Create a simplified avatar for characters from film and tv and collect data from website.","We are conducting an academic study to parameterise film and tv characters physical appearances for the creation of visual novels. We would like you to look at an image of a film/tv character and use the link below to create a corresponding avatar.","data collection, website, data extraction,study, film, tv, character, avatar, customisation","$0.05","Mon Aug 10 07:05:57 PDT 2020","7","BatchId:4146567;OriginalHitTemplateId:928390828;","3600","259200","Mon Aug 17 07:05:57 PDT 2020","","","39OWYR0EPLZR1PUFWQ05YHK5U34YFC","A1EVYY9TPBYTYB","Approved","Mon Aug 10 11:05:40 PDT 2020","Mon Aug 10 11:20:02 PDT 2020","Thu Aug 13 11:20:02 PDT 2020","Thu Aug 13 02:29:04 PDT 2020","","","862","100% (1/1)","100% (1/1)","0% (0/0)","https://raw.githubusercontent.com/aoibheannamy/MScProject/master/ImagesForMechTurk/video4frame1080.jpg?token=APCQXYTRFUBUZQF4N4BVC2K7GQSSK","","#f7c9c9","","","#483838","","m","","balding","#956e6e","","suit","","","","tshirt","","","","",""
"3DTJ4WT8BDNWEH6V7ZDG5MDKF3WEZU","34S6YYW6IUZLVTHGW8NZS12OWZESBR","Create a simplified avatar for characters from film and tv and collect data from website.","We are conducting an academic study to parameterise film and tv characters physical appearances for the creation of visual novels. We would like you to look at an image of a film/tv character and use the link below to create a corresponding avatar.","data collection, website, data extraction,study, film, tv, character, avatar, customisation","$0.05","Mon Aug 10 07:05:57 PDT 2020","7","BatchId:4146567;OriginalHitTemplateId:928390828;","3600","259200","Mon Aug 17 07:05:57 PDT 2020","","","3I02618YA1EMBTZ40SZL7QSW0TTUP6","A2DHDSYNFZZVUK","Rejected","Tue Aug 11 08:10:55 PDT 2020","Tue Aug 11 08:14:56 PDT 2020","Fri Aug 14 08:14:56 PDT 2020","","Thu Aug 13 02:28:04 PDT 2020","Did not complete per the instructions.","241","17% (1/6)","17% (1/6)","0% (0/1)","https://raw.githubusercontent.com/aoibheannamy/MScProject/master/ImagesForMechTurk/video4frame1080.jpg?token=APCQXYTRFUBUZQF4N4BVC2K7GQSSK","","","","","Brown","Square hair","Masculine","","Receding hairline","Brown","","Grey","","","","White & Black","","","","",""
"3DTJ4WT8BDNWEH6V7ZDG5MDKF3WEZU","34S6YYW6IUZLVTHGW8NZS12OWZESBR","Create a simplified avatar for characters from film and tv and collect data from website.","We are conducting an academic study to parameterise film and tv characters physical appearances for the creation of visual novels. We would like you to look at an image of a film/tv character and use the link below to create a corresponding avatar.","data collection, website, data extraction,study, film, tv, character, avatar, customisation","$0.05","Mon Aug 10 07:05:57 PDT 2020","7","BatchId:4146567;OriginalHitTemplateId:928390828;","3600","259200","Mon Aug 17 07:05:57 PDT 2020","","","3OLF68YTNA9Q57WCGKMPVV2YR3VFAV","AOOQ27VTB09XB","Approved","Fri Aug 14 13:14:54 PDT 2020","Fri Aug 14 13:27:28 PDT 2020","Mon Aug 17 13:27:28 PDT 2020","Mon Aug 17 13:27:40 PDT 2020","","","754","100% (1/1)","100% (1/1)","100% (1/1)","https://raw.githubusercontent.com/aoibheannamy/MScProject/master/ImagesForMechTurk/video4frame1080.jpg?token=APCQXYTRFUBUZQF4N4BVC2K7GQSSK","Couldnt add one","#e1b899","Couldnt add one","hoops","#698af2","None","F","Couldnt add one","Flowing","#e8e9c7","Couldnt add one","Couldnt add one","Couldnt add one","Couldnt add one","Couldnt add one","Couldnt add one","Couldnt add one","Couldnt add one","Couldnt add one","Couldnt add one","Couldnt add one"
"3DTJ4WT8BDNWEH6V7ZDG5MDKF3WEZU","34S6YYW6IUZLVTHGW8NZS12OWZESBR","Create a simplified avatar for characters from film and tv and collect data from website.","We are conducting an academic study to parameterise film and tv characters physical appearances for the creation of visual novels. We would like you to look at an image of a film/tv character and use the link below to create a corresponding avatar.","data collection, website, data extraction,study, film, tv, character, avatar, customisation","$0.05","Mon Aug 10 07:05:57 PDT 2020","7","BatchId:4146567;OriginalHitTemplateId:928390828;","3600","259200","Mon Aug 17 07:05:57 PDT 2020","","","3UN61F00HXXQ2RP4CJV2490V2MWR55","AW99PGWI4S438","Rejected","Mon Aug 10 10:10:41 PDT 2020","Mon Aug 10 10:17:48 PDT 2020","Thu Aug 13 10:17:48 PDT 2020","","Tue Aug 11 03:12:44 PDT 2020","Instructions were not followed correctly.","427","0% (0/1)","0% (0/1)","0% (0/0)","https://raw.githubusercontent.com/aoibheannamy/MScProject/master/ImagesForMechTurk/video4frame1080.jpg?token=APCQXYTRFUBUZQF4N4BVC2K7GQSSK","BEIGE","WHITE","NO","NO","BROWN","NO","MALE","NO","BALD","BLONDE","NO","YES","NO","NO","NO","RED","IDK","NO","NO","NO","NO"
"3DTJ4WT8BDNWEH6V7ZDG5MDKF3WEZU","34S6YYW6IUZLVTHGW8NZS12OWZESBR","Create a simplified avatar for characters from film and tv and collect data from website.","We are conducting an academic study to parameterise film and tv characters physical appearances for the creation of visual novels. We would like you to look at an image of a film/tv character and use the link below to create a corresponding avatar.","data collection, website, data extraction,study, film, tv, character, avatar, customisation","$0.05","Mon Aug 10 07:05:57 PDT 2020","7","BatchId:4146567;OriginalHitTemplateId:928390828;","3600","259200","Mon Aug 17 07:05:57 PDT 2020","","","3URFVVM166QGPX1AN1XNYOUAA38ZUQ","A1PJGW7I7QE8MN","Rejected","Thu Aug 13 06:31:27 PDT 2020","Thu Aug 13 06:38:36 PDT 2020","Sun Aug 16 06:38:36 PDT 2020","","Fri Aug 14 04:57:32 PDT 2020","Not completed per instructions - not copied correctly or fully (leaving out # at start of colours)","429","17% (1/6)","17% (1/6)","17% (1/6)","https://raw.githubusercontent.com/aoibheannamy/MScProject/master/ImagesForMechTurk/video4frame1080.jpg?token=APCQXYTRFUBUZQF4N4BVC2K7GQSSK","","ffdfc4","","","6F918A","","m","","gelled","803300","","","","suit","","colar","leather","","","neck",""
"3NSCTNUR2ZVVHQ5UK64EKZGYTPQ5AJ","34S6YYW6IUZLVTHGW8NZS12OWZESBR","Create a simplified avatar for characters from film and tv and collect data from website.","We are conducting an academic study to parameterise film and tv characters physical appearances for the creation of visual novels. We would like you to look at an image of a film/tv character and use the link below to create a corresponding avatar.","data collection, website, data extraction,study, film, tv, character, avatar, customisation","$0.05","Mon Aug 10 07:05:57 PDT 2020","7","BatchId:4146567;OriginalHitTemplateId:928390828;","3600","259200","Mon Aug 17 07:05:57 PDT 2020","","","333U7HK6IAN48GLKJK4C0U2W5T6JDX","A3VAC7HI4XKTJD","Rejected","Tue Aug 11 05:44:30 PDT 2020","Tue Aug 11 05:46:47 PDT 2020","Fri Aug 14 05:46:47 PDT 2020","","Thu Aug 13 02:28:04 PDT 2020","Did not complete per the instructions.","137","25% (1/4)","25% (1/4)","0% (0/0)","https://raw.githubusercontent.com/aoibheannamy/MScProject/master/ImagesForMechTurk/SpectacularNow2.jpg?token=APCQXYU7FERMOZSJWCOQE5S7GQSO4","yellow","","","","brown","","female","","bun","brown","","","","silver","","","","","","",""
"3NSCTNUR2ZVVHQ5UK64EKZGYTPQ5AJ","34S6YYW6IUZLVTHGW8NZS12OWZESBR","Create a simplified avatar for characters from film and tv and collect data from website.","We are conducting an academic study to parameterise film and tv characters physical appearances for the creation of visual novels. We would like you to look at an image of a film/tv character and use the link below to create a corresponding avatar.","data collection, website, data extraction,study, film, tv, character, avatar, customisation","$0.05","Mon Aug 10 07:05:57 PDT 2020","7","BatchId:4146567;OriginalHitTemplateId:928390828;","3600","259200","Mon Aug 17 07:05:57 PDT 2020","","","37Q970SNZFG3FOOYQLTVRTSACZ61SZ","A2GOK9CGM46OKS","Approved","Fri Aug 14 11:34:05 PDT 2020","Fri Aug 14 11:37:02 PDT 2020","Mon Aug 17 11:37:02 PDT 2020","Mon Aug 17 11:37:40 PDT 2020","","","177","100% (3/3)","100% (3/3)","100% (3/3)","https://raw.githubusercontent.com/aoibheannamy/MScProject/master/ImagesForMechTurk/SpectacularNow2.jpg?token=APCQXYU7FERMOZSJWCOQE5S7GQSO4","","#ffdfc4","german_expression","double-drop","#0082ff","","f","","flowing","#7f5b73","","","gothic_eyeliner","","","","highheels","school","","",""
"3NSCTNUR2ZVVHQ5UK64EKZGYTPQ5AJ","34S6YYW6IUZLVTHGW8NZS12OWZESBR","Create a simplified avatar for characters from film and tv and collect data from website.","We are conducting an academic study to parameterise film and tv characters physical appearances for the creation of visual novels. We would like you to look at an image of a film/tv character and use the link below to create a corresponding avatar.","data collection, website, data extraction,study, film, tv, character, avatar, customisation","$0.05","Mon Aug 10 07:05:57 PDT 2020","7","BatchId:4146567;OriginalHitTemplateId:928390828;","3600","259200","Mon Aug 17 07:05:57 PDT 2020","","","37UEWGM5HUGRE9OLBWTQ1JNEQANR1R","A3FG7FC7M4NRUX","Approved","Mon Aug 10 20:55:56 PDT 2020","Mon Aug 10 21:09:50 PDT 2020","Thu Aug 13 21:09:50 PDT 2020","Thu Aug 13 02:29:05 PDT 2020","","","834","100% (1/1)","100% (1/1)","0% (0/0)","https://raw.githubusercontent.com/aoibheannamy/MScProject/master/ImagesForMechTurk/SpectacularNow2.jpg?token=APCQXYU7FERMOZSJWCOQE5S7GQSO4","","#eeceb3","","","#A0892C","","f","","pigtails","#803300","","","","jeans","","sweat","hightops","","","",""
"3NSCTNUR2ZVVHQ5UK64EKZGYTPQ5AJ","34S6YYW6IUZLVTHGW8NZS12OWZESBR","Create a simplified avatar for characters from film and tv and collect data from website.","We are conducting an academic study to parameterise film and tv characters physical appearances for the creation of visual novels. We would like you to look at an image of a film/tv character and use the link below to create a corresponding avatar.","data collection, website, data extraction,study, film, tv, character, avatar, customisation","$0.05","Mon Aug 10 07:05:57 PDT 2020","7","BatchId:4146567;OriginalHitTemplateId:928390828;","3600","259200","Mon Aug 17 07:05:57 PDT 2020","","","3BXQMRHWK06GQQ2R8C7TQMY1VP0MUM","AQB0TQPOGOFQE","Approved","Tue Aug 11 10:55:29 PDT 2020","Tue Aug 11 10:59:57 PDT 2020","Fri Aug 14 10:59:57 PDT 2020","Thu Aug 13 02:29:06 PDT 2020","","","268","80% (4/5)","80% (4/5)","0% (0/0)","https://raw.githubusercontent.com/aoibheannamy/MScProject/master/ImagesForMechTurk/SpectacularNow2.jpg?token=APCQXYU7FERMOZSJWCOQE5S7GQSO4","","#eeceb3","","","#2c2b35","","f","","short_slick","#5f1212","","","","","","sweat","","","","",""
"3NSCTNUR2ZVVHQ5UK64EKZGYTPQ5AJ","34S6YYW6IUZLVTHGW8NZS12OWZESBR","Create a simplified avatar for characters from film and tv and collect data from website.","We are conducting an academic study to parameterise film and tv characters physical appearances for the creation of visual novels. We would like you to look at an image of a film/tv character and use the link below to create a corresponding avatar.","data collection, website, data extraction,study, film, tv, character, avatar, customisation","$0.05","Mon Aug 10 07:05:57 PDT 2020","7","BatchId:4146567;OriginalHitTemplateId:928390828;","3600","259200","Mon Aug 17 07:05:57 PDT 2020","","","3ITXP059PXRAA542GAZ1VTOW6P5SJB","A3NQY72HDQJT89","Rejected","Mon Aug 10 09:57:23 PDT 2020","Mon Aug 10 09:59:44 PDT 2020","Thu Aug 13 09:59:44 PDT 2020","","Tue Aug 11 03:12:45 PDT 2020","Instructions were not followed correctly.","141","0% (0/7)","0% (0/7)","0% (0/0)","https://raw.githubusercontent.com/aoibheannamy/MScProject/master/ImagesForMechTurk/SpectacularNow2.jpg?token=APCQXYU7FERMOZSJWCOQE5S7GQSO4","na","white","t shirt","na","brown","na","female","na","bun","black","na","na","na","na","","t shirt","yes","","na","","na"
"3NSCTNUR2ZVVHQ5UK64EKZGYTPQ5AJ","34S6YYW6IUZLVTHGW8NZS12OWZESBR","Create a simplified avatar for characters from film and tv and collect data from website.","We are conducting an academic study to parameterise film and tv characters physical appearances for the creation of visual novels. We would like you to look at an image of a film/tv character and use the link below to create a corresponding avatar.","data collection, website, data extraction,study, film, tv, character, avatar, customisation","$0.05","Mon Aug 10 07:05:57 PDT 2020","7","BatchId:4146567;OriginalHitTemplateId:928390828;","3600","259200","Mon Aug 17 07:05:57 PDT 2020","","","3LS2AMNW5GYCY0GM4J218PQHNWTOQ2","A3AQHO43OYUO2I","Rejected","Mon Aug 10 12:06:58 PDT 2020","Mon Aug 10 12:08:22 PDT 2020","Thu Aug 13 12:08:22 PDT 2020","","Tue Aug 11 03:12:45 PDT 2020","Instructions were not followed correctly.","84","0% (0/11)","0% (0/11)","0% (0/6)","https://raw.githubusercontent.com/aoibheannamy/MScProject/master/ImagesForMechTurk/SpectacularNow2.jpg?token=APCQXYU7FERMOZSJWCOQE5S7GQSO4","","","","","blue","no","female","","curly","blond","","","","","","yellow","","","","",""
"3NSCTNUR2ZVVHQ5UK64EKZGYTPQ5AJ","34S6YYW6IUZLVTHGW8NZS12OWZESBR","Create a simplified avatar for characters from film and tv and collect data from website.","We are conducting an academic study to parameterise film and tv characters physical appearances for the creation of visual novels. We would like you to look at an image of a film/tv character and use the link below to create a corresponding avatar.","data collection, website, data extraction,study, film, tv, character, avatar, customisation","$0.05","Mon Aug 10 07:05:57 PDT 2020","7","BatchId:4146567;OriginalHitTemplateId:928390828;","3600","259200","Mon Aug 17 07:05:57 PDT 2020","","","3WI0P0II620L644XRPDL2LONFMLDRS","A1PJGW7I7QE8MN","Rejected","Thu Aug 13 05:45:15 PDT 2020","Thu Aug 13 05:51:10 PDT 2020","Sun Aug 16 05:51:10 PDT 2020","","Fri Aug 14 04:57:33 PDT 2020","Not completed per instructions - not copied correctly or fully (leaving out # at start of colours)","355","17% (1/6)","17% (1/6)","17% (1/6)","https://raw.githubusercontent.com/aoibheannamy/MScProject/master/ImagesForMechTurk/SpectacularNow2.jpg?token=APCQXYU7FERMOZSJWCOQE5S7GQSO4","","eeceb3","","","A0892C","","f","chaos_chest","down","803300","","","","","","sweat","highheels","draped","","",""
"3MGHRFQY2LXXI1HW36CI6Q2EF8HY00","34S6YYW6IUZLVTHGW8NZS12OWZESBR","Create a simplified avatar for characters from film and tv and collect data from website.","We are conducting an academic study to parameterise film and tv characters physical appearances for the creation of visual novels. We would like you to look at an image of a film/tv character and use the link below to create a corresponding avatar.","data collection, website, data extraction,study, film, tv, character, avatar, customisation","$0.05","Mon Aug 10 07:05:57 PDT 2020","4","BatchId:4146567;OriginalHitTemplateId:928390828;","3600","259200","Mon Aug 17 07:05:57 PDT 2020","","","33FBRBDW6P75J7JNSKCARYB04CWC8Q","A3NQY72HDQJT89","Rejected","Mon Aug 10 12:36:37 PDT 2020","Mon Aug 10 12:38:08 PDT 2020","Thu Aug 13 12:38:08 PDT 2020","","Tue Aug 11 03:12:44 PDT 2020","Instructions were not followed correctly.","91","0% (0/7)","0% (0/7)","0% (0/0)","https://raw.githubusercontent.com/aoibheannamy/MScProject/master/ImagesForMechTurk/spectacularNow1.jpg?token=APCQXYUYWFGAUXEWHB5PQ627GQSP4","na","white","t shirt","na","brown","na","male","na","casual","black","na","na","na","na","na","t shirt","na","na","na","na","na"
"3MGHRFQY2LXXI1HW36CI6Q2EF8HY00","34S6YYW6IUZLVTHGW8NZS12OWZESBR","Create a simplified avatar for characters from film and tv and collect data from website.","We are conducting an academic study to parameterise film and tv characters physical appearances for the creation of visual novels. We would like you to look at an image of a film/tv character and use the link below to create a corresponding avatar.","data collection, website, data extraction,study, film, tv, character, avatar, customisation","$0.05","Mon Aug 10 07:05:57 PDT 2020","4","BatchId:4146567;OriginalHitTemplateId:928390828;","3600","259200","Mon Aug 17 07:05:57 PDT 2020","","","3I02618YA1EMBTZ40SZL7QSW0K9UP4","AMOCBZ79IVYR6","Approved","Mon Aug 10 08:24:33 PDT 2020","Mon Aug 10 08:35:07 PDT 2020","Thu Aug 13 08:35:07 PDT 2020","Thu Aug 13 02:29:05 PDT 2020","","","634","100% (3/3)","100% (3/3)","0% (0/0)","https://raw.githubusercontent.com/aoibheannamy/MScProject/master/ImagesForMechTurk/spectacularNow1.jpg?token=APCQXYUYWFGAUXEWHB5PQ627GQSP4","","#eeceb3","","","#1c0000","","m","","gelled","#151313","","","","jeans","","tshirt","hightops","","","",""
"3MGHRFQY2LXXI1HW36CI6Q2EF8HY00","34S6YYW6IUZLVTHGW8NZS12OWZESBR","Create a simplified avatar for characters from film and tv and collect data from website.","We are conducting an academic study to parameterise film and tv characters physical appearances for the creation of visual novels. We would like you to look at an image of a film/tv character and use the link below to create a corresponding avatar.","data collection, website, data extraction,study, film, tv, character, avatar, customisation","$0.05","Mon Aug 10 07:05:57 PDT 2020","4","BatchId:4146567;OriginalHitTemplateId:928390828;","3600","259200","Mon Aug 17 07:05:57 PDT 2020","","","3LEP4MGT3H8YQXN8VSRV26JJXHCBD5","A2KK0HB33IYIH6","Approved","Mon Aug 10 09:12:08 PDT 2020","Mon Aug 10 09:20:06 PDT 2020","Thu Aug 13 09:20:06 PDT 2020","Thu Aug 13 02:29:05 PDT 2020","","","478","100% (1/1)","100% (1/1)","0% (0/0)","https://raw.githubusercontent.com/aoibheannamy/MScProject/master/ImagesForMechTurk/spectacularNow1.jpg?token=APCQXYUYWFGAUXEWHB5PQ627GQSP4","","#e5b887","","","#784421","","m","","gelled","#382c2c","","","","","","tshirt","","","","",""
"3MGHRFQY2LXXI1HW36CI6Q2EF8HY00","34S6YYW6IUZLVTHGW8NZS12OWZESBR","Create a simplified avatar for characters from film and tv and collect data from website.","We are conducting an academic study to parameterise film and tv characters physical appearances for the creation of visual novels. We would like you to look at an image of a film/tv character and use the link below to create a corresponding avatar.","data collection, website, data extraction,study, film, tv, character, avatar, customisation","$0.05","Mon Aug 10 07:05:57 PDT 2020","4","BatchId:4146567;OriginalHitTemplateId:928390828;","3600","259200","Mon Aug 17 07:05:57 PDT 2020","","","3ZY8KE4ISKB7OKPJ5VOF3HKPJVJVQG","A3NZN2OHD5BGVQ","Approved","Tue Aug 11 04:28:22 PDT 2020","Tue Aug 11 04:38:46 PDT 2020","Fri Aug 14 04:38:46 PDT 2020","Thu Aug 13 02:29:05 PDT 2020","","","624","50% (1/2)","50% (1/2)","0% (0/1)","https://raw.githubusercontent.com/aoibheannamy/MScProject/master/ImagesForMechTurk/spectacularNow1.jpg?token=APCQXYUYWFGAUXEWHB5PQ627GQSP4","","#e1b899","","","#100101","none","m","","wavy","#1a1a1a","","","","jeans","","tshirt","","","","",""
"3087LXLJ6MORIA01YGKUH5VY9XSF0L","34S6YYW6IUZLVTHGW8NZS12OWZESBR","Create a simplified avatar for characters from film and tv and collect data from website.","We are conducting an academic study to parameterise film and tv characters physical appearances for the creation of visual novels. We would like you to look at an image of a film/tv character and use the link below to create a corresponding avatar.","data collection, website, data extraction,study, film, tv, character, avatar, customisation","$0.05","Mon Aug 10 07:05:57 PDT 2020","7","BatchId:4146567;OriginalHitTemplateId:928390828;","3600","259200","Mon Aug 17 07:05:57 PDT 2020","","","35GMH2SV3FPN1XQHVS71E8134QSOE7","A158YUX0FQU8PS","Rejected","Mon Aug 10 07:10:14 PDT 2020","Mon Aug 10 07:14:11 PDT 2020","Thu Aug 13 07:14:11 PDT 2020","","Tue Aug 11 03:12:41 PDT 2020","Instructions were not followed correctly.","237","0% (0/1)","0% (0/1)","0% (0/0)","https://raw.githubusercontent.com/aoibheannamy/MScProject/master/ImagesForMechTurk/video3frame1290.jpg?token=APCQXYTH2NF4VNTLLPMJNZC7GQSQW","no","white","t-shirt","10","black","white","male","good","boy cut","merun","nice","no","100","no","no","merun","no","no","n/a","no","no"
"3087LXLJ6MORIA01YGKUH5VY9XSF0L","34S6YYW6IUZLVTHGW8NZS12OWZESBR","Create a simplified avatar for characters from film and tv and collect data from website.","We are conducting an academic study to parameterise film and tv characters physical appearances for the creation of visual novels. We would like you to look at an image of a film/tv character and use the link below to create a corresponding avatar.","data collection, website, data extraction,study, film, tv, character, avatar, customisation","$0.05","Mon Aug 10 07:05:57 PDT 2020","7","BatchId:4146567;OriginalHitTemplateId:928390828;","3600","259200","Mon Aug 17 07:05:57 PDT 2020","","","3A4TN5196LQYCIKGVO6G4B4Z73CCHB","A1ZRMGT9H6JDXF","Approved","Tue Aug 11 10:05:21 PDT 2020","Tue Aug 11 10:15:06 PDT 2020","Fri Aug 14 10:15:06 PDT 2020","Thu Aug 13 02:29:03 PDT 2020","","","585","100% (2/2)","100% (2/2)","0% (0/0)","https://raw.githubusercontent.com/aoibheannamy/MScProject/master/ImagesForMechTurk/video3frame1290.jpg?token=APCQXYTH2NF4VNTLLPMJNZC7GQSQW","","#f0d5be","","","#5c7897","","m","","gelled","#70670a","","","","suit","","tshirt","hightops","","","",""
"3087LXLJ6MORIA01YGKUH5VY9XSF0L","34S6YYW6IUZLVTHGW8NZS12OWZESBR","Create a simplified avatar for characters from film and tv and collect data from website.","We are conducting an academic study to parameterise film and tv characters physical appearances for the creation of visual novels. We would like you to look at an image of a film/tv character and use the link below to create a corresponding avatar.","data collection, website, data extraction,study, film, tv, character, avatar, customisation","$0.05","Mon Aug 10 07:05:57 PDT 2020","7","BatchId:4146567;OriginalHitTemplateId:928390828;","3600","259200","Mon Aug 17 07:05:57 PDT 2020","","","3IXEICO793RZ1A2ALRA2WUFDM0N6TS","A30IHPYTKAV6IG","Rejected","Mon Aug 10 07:13:23 PDT 2020","Mon Aug 10 07:28:45 PDT 2020","Thu Aug 13 07:28:45 PDT 2020","","Tue Aug 11 03:12:42 PDT 2020","Instructions were not followed correctly.","922","0% (0/3)","0% (0/3)","0% (0/0)","https://raw.githubusercontent.com/aoibheannamy/MScProject/master/ImagesForMechTurk/video3frame1290.jpg?token=APCQXYTH2NF4VNTLLPMJNZC7GQSQW","","e5c298","","","e5c298","","m","","e5c298","e5c298","","","","","","e5c298","","","","",""
"3087LXLJ6MORIA01YGKUH5VY9XSF0L","34S6YYW6IUZLVTHGW8NZS12OWZESBR","Create a simplified avatar for characters from film and tv and collect data from website.","We are conducting an academic study to parameterise film and tv characters physical appearances for the creation of visual novels. We would like you to look at an image of a film/tv character and use the link below to create a corresponding avatar.","data collection, website, data extraction,study, film, tv, character, avatar, customisation","$0.05","Mon Aug 10 07:05:57 PDT 2020","7","BatchId:4146567;OriginalHitTemplateId:928390828;","3600","259200","Mon Aug 17 07:05:57 PDT 2020","","","3LBXNTKX0S3T0ADSO8EB57RLPYCX98","AMOCBZ79IVYR6","Approved","Mon Aug 10 08:42:20 PDT 2020","Mon Aug 10 08:46:25 PDT 2020","Thu Aug 13 08:46:25 PDT 2020","Thu Aug 13 02:29:03 PDT 2020","","","245","100% (3/3)","100% (3/3)","0% (0/0)","https://raw.githubusercontent.com/aoibheannamy/MScProject/master/ImagesForMechTurk/video3frame1290.jpg?token=APCQXYTH2NF4VNTLLPMJNZC7GQSQW","","#f0d5be","","","#a6bc51","","m","","gelled","#c4a61e","","","","jeans","","tshirt","hightops","","","",""
"3087LXLJ6MORIA01YGKUH5VY9XSF0L","34S6YYW6IUZLVTHGW8NZS12OWZESBR","Create a simplified avatar for characters from film and tv and collect data from website.","We are conducting an academic study to parameterise film and tv characters physical appearances for the creation of visual novels. We would like you to look at an image of a film/tv character and use the link below to create a corresponding avatar.","data collection, website, data extraction,study, film, tv, character, avatar, customisation","$0.05","Mon Aug 10 07:05:57 PDT 2020","7","BatchId:4146567;OriginalHitTemplateId:928390828;","3600","259200","Mon Aug 17 07:05:57 PDT 2020","","","3NC5L260MPUF7BQDQ3R7WQM3GCKFOZ","A1PJGW7I7QE8MN","Rejected","Thu Aug 13 05:51:16 PDT 2020","Thu Aug 13 05:56:37 PDT 2020","Sun Aug 16 05:56:37 PDT 2020","","Fri Aug 14 04:57:31 PDT 2020","Not completed per instructions - not copied correctly or fully (leaving out # at start of colours)","321","17% (1/6)","17% (1/6)","17% (1/6)","https://raw.githubusercontent.com/aoibheannamy/MScProject/master/ImagesForMechTurk/video3frame1290.jpg?token=APCQXYTH2NF4VNTLLPMJNZC7GQSQW","","ffdfc4","parisian_fall","","6F918A","","f","","flowing","803300","","","","","","","hightops","","","",""
"3087LXLJ6MORIA01YGKUH5VY9XSF0L","34S6YYW6IUZLVTHGW8NZS12OWZESBR","Create a simplified avatar for characters from film and tv and collect data from website.","We are conducting an academic study to parameterise film and tv characters physical appearances for the creation of visual novels. We would like you to look at an image of a film/tv character and use the link below to create a corresponding avatar.","data collection, website, data extraction,study, film, tv, character, avatar, customisation","$0.05","Mon Aug 10 07:05:57 PDT 2020","7","BatchId:4146567;OriginalHitTemplateId:928390828;","3600","259200","Mon Aug 17 07:05:57 PDT 2020","","","3QXNC7EIPJ3L3K7HLWP4WT4AFZL90Z","A3VAC7HI4XKTJD","Rejected","Tue Aug 11 05:43:09 PDT 2020","Tue Aug 11 05:44:30 PDT 2020","Fri Aug 14 05:44:30 PDT 2020","","Thu Aug 13 02:28:03 PDT 2020","Did not complete per the instructions.","81","25% (1/4)","25% (1/4)","0% (0/0)","https://raw.githubusercontent.com/aoibheannamy/MScProject/master/ImagesForMechTurk/video3frame1290.jpg?token=APCQXYTH2NF4VNTLLPMJNZC7GQSQW","cherry","","","","green blue","","male","","short","blond","","","","","","","","","","",""
"3087LXLJ6MORIA01YGKUH5VY9XSF0L","34S6YYW6IUZLVTHGW8NZS12OWZESBR","Create a simplified avatar for characters from film and tv and collect data from website.","We are conducting an academic study to parameterise film and tv characters physical appearances for the creation of visual novels. We would like you to look at an image of a film/tv character and use the link below to create a corresponding avatar.","data collection, website, data extraction,study, film, tv, character, avatar, customisation","$0.05","Mon Aug 10 07:05:57 PDT 2020","7","BatchId:4146567;OriginalHitTemplateId:928390828;","3600","259200","Mon Aug 17 07:05:57 PDT 2020","","","3Z4XG4ZF49ZTM5UIJG8X5BWA5KBX8K","A2GOK9CGM46OKS","Approved","Fri Aug 14 11:23:35 PDT 2020","Fri Aug 14 11:33:59 PDT 2020","Mon Aug 17 11:33:59 PDT 2020","Mon Aug 17 11:34:40 PDT 2020","","","624","100% (3/3)","100% (3/3)","100% (3/3)","https://raw.githubusercontent.com/aoibheannamy/MScProject/master/ImagesForMechTurk/video3frame1290.jpg?token=APCQXYTH2NF4VNTLLPMJNZC7GQSQW","","#ffdfc4","","","#136297","","M","","gelled","#0f0e0e","","suit","","jeans","","colar","leather","","aum_right","neck",""
"3VO4XFFP15U2RAQUXVGX8J9ZOD77Q7","34S6YYW6IUZLVTHGW8NZS12OWZESBR","Create a simplified avatar for characters from film and tv and collect data from website.","We are conducting an academic study to parameterise film and tv characters physical appearances for the creation of visual novels. We would like you to look at an image of a film/tv character and use the link below to create a corresponding avatar.","data collection, website, data extraction,study, film, tv, character, avatar, customisation","$0.05","Mon Aug 10 07:05:57 PDT 2020","3","BatchId:4146567;OriginalHitTemplateId:928390828;","3600","259200","Mon Aug 17 07:05:57 PDT 2020","","","3GNA64GUZFCQQQA4Z462ZJQQ6Z4Q5B","AMOCBZ79IVYR6","Approved","Mon Aug 10 08:35:27 PDT 2020","Mon Aug 10 08:41:44 PDT 2020","Thu Aug 13 08:41:44 PDT 2020","Thu Aug 13 02:29:07 PDT 2020","","","377","100% (3/3)","100% (3/3)","0% (0/0)","https://raw.githubusercontent.com/aoibheannamy/MScProject/master/ImagesForMechTurk/video3frame2070.jpg?token=APCQXYSSRCBLT2CZZKTLEEK7GQSRO","","#f0d5be","","","#bcbc69","","m","","spider","#a4a2a2","","","","suit","","colar","leather","","","",""
"3VO4XFFP15U2RAQUXVGX8J9ZOD77Q7","34S6YYW6IUZLVTHGW8NZS12OWZESBR","Create a simplified avatar for characters from film and tv and collect data from website.","We are conducting an academic study to parameterise film and tv characters physical appearances for the creation of visual novels. We would like you to look at an image of a film/tv character and use the link below to create a corresponding avatar.","data collection, website, data extraction,study, film, tv, character, avatar, customisation","$0.05","Mon Aug 10 07:05:57 PDT 2020","3","BatchId:4146567;OriginalHitTemplateId:928390828;","3600","259200","Mon Aug 17 07:05:57 PDT 2020","","","3YGXWBAF71P406WLGHMXAMVV2RYC4J","AKKNLATGCCWEA","Approved","Mon Aug 10 14:47:52 PDT 2020","Mon Aug 10 14:56:19 PDT 2020","Thu Aug 13 14:56:19 PDT 2020","Thu Aug 13 02:29:07 PDT 2020","","","507","100% (1/1)","100% (1/1)","0% (0/0)","https://raw.githubusercontent.com/aoibheannamy/MScProject/master/ImagesForMechTurk/video3frame2070.jpg?token=APCQXYSSRCBLT2CZZKTLEEK7GQSRO","","#e1b899","","","#562d2d","goatee","m","","wavy","635353","","","","suit","","colar","leather","","","",""
"3VO4XFFP15U2RAQUXVGX8J9ZOD77Q7","34S6YYW6IUZLVTHGW8NZS12OWZESBR","Create a simplified avatar for characters from film and tv and collect data from website.","We are conducting an academic study to parameterise film and tv characters physical appearances for the creation of visual novels. We would like you to look at an image of a film/tv character and use the link below to create a corresponding avatar.","data collection, website, data extraction,study, film, tv, character, avatar, customisation","$0.05","Mon Aug 10 07:05:57 PDT 2020","3","BatchId:4146567;OriginalHitTemplateId:928390828;","3600","259200","Mon Aug 17 07:05:57 PDT 2020","","","3ZR9AIQJUCHK6E1541TDFLTUT2740O","AMJMLEURSC7I7","Approved","Mon Aug 10 15:09:31 PDT 2020","Mon Aug 10 15:15:30 PDT 2020","Thu Aug 13 15:15:30 PDT 2020","Thu Aug 13 02:29:07 PDT 2020","","","359","100% (1/1)","100% (1/1)","0% (0/0)","https://raw.githubusercontent.com/aoibheannamy/MScProject/master/ImagesForMechTurk/video3frame2070.jpg?token=APCQXYSSRCBLT2CZZKTLEEK7GQSRO","","#e1b899","","","#2d3b68","full","Male","","gelled","#5d5757","","","","","","colar","","","","",""
"3NZ1E5QA6Z9000AMQK4AFA04B7B5BE","34S6YYW6IUZLVTHGW8NZS12OWZESBR","Create a simplified avatar for characters from film and tv and collect data from website.","We are conducting an academic study to parameterise film and tv characters physical appearances for the creation of visual novels. We would like you to look at an image of a film/tv character and use the link below to create a corresponding avatar.","data collection, website, data extraction,study, film, tv, character, avatar, customisation","$0.05","Mon Aug 10 07:05:57 PDT 2020","4","BatchId:4146567;OriginalHitTemplateId:928390828;","3600","259200","Mon Aug 17 07:05:57 PDT 2020","","","37TRT2X24RZBTJN05OD654EW21HJBZ","A3CFF2BT7P8FL4","Approved","Mon Aug 10 09:48:59 PDT 2020","Mon Aug 10 10:36:44 PDT 2020","Thu Aug 13 10:36:44 PDT 2020","Thu Aug 13 02:29:06 PDT 2020","","","2865","100% (2/2)","100% (2/2)","0% (0/0)","https://raw.githubusercontent.com/aoibheannamy/MScProject/master/ImagesForMechTurk/video5frame240.jpg?token=APCQXYTYWLO6PN7MU36PI2C7GQSTQ","colar","#f0c8c9","","","#c4b6b6","","m","","gelled","#6c6969","","","","","","","","","","",""
"3NZ1E5QA6Z9000AMQK4AFA04B7B5BE","34S6YYW6IUZLVTHGW8NZS12OWZESBR","Create a simplified avatar for characters from film and tv and collect data from website.","We are conducting an academic study to parameterise film and tv characters physical appearances for the creation of visual novels. We would like you to look at an image of a film/tv character and use the link below to create a corresponding avatar.","data collection, website, data extraction,study, film, tv, character, avatar, customisation","$0.05","Mon Aug 10 07:05:57 PDT 2020","4","BatchId:4146567;OriginalHitTemplateId:928390828;","3600","259200","Mon Aug 17 07:05:57 PDT 2020","","","39PAAFCODN8KG0HBMZIA8MVC320TVA","A3VAC7HI4XKTJD","Approved","Tue Aug 11 05:42:01 PDT 2020","Tue Aug 11 05:43:09 PDT 2020","Fri Aug 14 05:43:09 PDT 2020","Thu Aug 13 02:29:06 PDT 2020","","","68","25% (1/4)","25% (1/4)","0% (0/0)","https://raw.githubusercontent.com/aoibheannamy/MScProject/master/ImagesForMechTurk/video5frame240.jpg?token=APCQXYTYWLO6PN7MU36PI2C7GQSTQ","","","","","hazel","","male","","short","black","","","","","","baby blue","","","","",""
"3NZ1E5QA6Z9000AMQK4AFA04B7B5BE","34S6YYW6IUZLVTHGW8NZS12OWZESBR","Create a simplified avatar for characters from film and tv and collect data from website.","We are conducting an academic study to parameterise film and tv characters physical appearances for the creation of visual novels. We would like you to look at an image of a film/tv character and use the link below to create a corresponding avatar.","data collection, website, data extraction,study, film, tv, character, avatar, customisation","$0.05","Mon Aug 10 07:05:57 PDT 2020","4","BatchId:4146567;OriginalHitTemplateId:928390828;","3600","259200","Mon Aug 17 07:05:57 PDT 2020","","","3IX2EGZR7CRY9Q4P1LZW5JJ0KMPJRF","A30IHPYTKAV6IG","Rejected","Mon Aug 10 07:39:36 PDT 2020","Mon Aug 10 07:45:18 PDT 2020","Thu Aug 13 07:45:18 PDT 2020","","Tue Aug 11 03:12:45 PDT 2020","Instructions were not followed correctly.","342","0% (0/3)","0% (0/3)","0% (0/0)","https://raw.githubusercontent.com/aoibheannamy/MScProject/master/ImagesForMechTurk/video5frame240.jpg?token=APCQXYTYWLO6PN7MU36PI2C7GQSTQ","","e5c298","","","e5c298","","m","","e5c298","e5c298","","","","","","e5c298","","","","",""
"3NZ1E5QA6Z9000AMQK4AFA04B7B5BE","34S6YYW6IUZLVTHGW8NZS12OWZESBR","Create a simplified avatar for characters from film and tv and collect data from website.","We are conducting an academic study to parameterise film and tv characters physical appearances for the creation of visual novels. We would like you to look at an image of a film/tv character and use the link below to create a corresponding avatar.","data collection, website, data extraction,study, film, tv, character, avatar, customisation","$0.05","Mon Aug 10 07:05:57 PDT 2020","4","BatchId:4146567;OriginalHitTemplateId:928390828;","3600","259200","Mon Aug 17 07:05:57 PDT 2020","","","3U0SRXB7CEDUSGVAGJROYQ0HT7ONRJ","A13POAI7GIMYET","Approved","Mon Aug 10 09:44:09 PDT 2020","Mon Aug 10 09:47:30 PDT 2020","Thu Aug 13 09:47:30 PDT 2020","Thu Aug 13 02:29:06 PDT 2020","","","201","100% (2/2)","100% (2/2)","0% (0/0)","https://raw.githubusercontent.com/aoibheannamy/MScProject/master/ImagesForMechTurk/video5frame240.jpg?token=APCQXYTYWLO6PN7MU36PI2C7GQSTQ","","#ffdfc4","","","#6F918A","","m","","gelled","#524d4d","","","","","","colar","","","","",""
"3DW3BNF1GHQYWWRUTZ2DS642GPRV8B","34S6YYW6IUZLVTHGW8NZS12OWZESBR","Create a simplified avatar for characters from film and tv and collect data from website.","We are conducting an academic study to parameterise film and tv characters physical appearances for the creation of visual novels. We would like you to look at an image of a film/tv character and use the link below to create a corresponding avatar.","data collection, website, data extraction,study, film, tv, character, avatar, customisation","$0.05","Mon Aug 10 07:05:57 PDT 2020","6","BatchId:4146567;OriginalHitTemplateId:928390828;","3600","259200","Mon Aug 17 07:05:57 PDT 2020","","","3AMW0RGHOEA9G3FV3RNZTV02SMIPN5","A11P5OWM8LK72S","Approved","Sat Aug 15 20:43:59 PDT 2020","Sat Aug 15 20:51:15 PDT 2020","Tue Aug 18 20:51:15 PDT 2020","Tue Aug 18 05:04:59 PDT 2020","","","436","100% (1/1)","100% (1/1)","100% (1/1)","https://raw.githubusercontent.com/aoibheannamy/MScProject/master/ImagesForMechTurk/video5frame360.jpg?token=APCQXYXCWYZDXJQIHTN5ZQK7GQSUK","","#eeceb3","","","#55111","","m","hipster","emo","#80330","","","","suit","vertical_left","tshirt","hightops","","","",""
"3DW3BNF1GHQYWWRUTZ2DS642GPRV8B","34S6YYW6IUZLVTHGW8NZS12OWZESBR","Create a simplified avatar for characters from film and tv and collect data from website.","We are conducting an academic study to parameterise film and tv characters physical appearances for the creation of visual novels. We would like you to look at an image of a film/tv character and use the link below to create a corresponding avatar.","data collection, website, data extraction,study, film, tv, character, avatar, customisation","$0.05","Mon Aug 10 07:05:57 PDT 2020","6","BatchId:4146567;OriginalHitTemplateId:928390828;","3600","259200","Mon Aug 17 07:05:57 PDT 2020","","","3KGTPGBS6YTQJMYYYUO9BDK3PCAU2E","A3NQY72HDQJT89","Rejected","Mon Aug 10 12:34:49 PDT 2020","Mon Aug 10 12:36:30 PDT 2020","Thu Aug 13 12:36:30 PDT 2020","","Tue Aug 11 03:12:44 PDT 2020","Instructions were not followed correctly.","101","0% (0/7)","0% (0/7)","0% (0/0)","https://raw.githubusercontent.com/aoibheannamy/MScProject/master/ImagesForMechTurk/video5frame360.jpg?token=APCQXYXCWYZDXJQIHTN5ZQK7GQSUK","na","white","mini gown","na","brown","na","female","na","loose hair","brown","na","na","light makeup","na","na","na","na","na","na","na","na"
"3DW3BNF1GHQYWWRUTZ2DS642GPRV8B","34S6YYW6IUZLVTHGW8NZS12OWZESBR","Create a simplified avatar for characters from film and tv and collect data from website.","We are conducting an academic study to parameterise film and tv characters physical appearances for the creation of visual novels. We would like you to look at an image of a film/tv character and use the link below to create a corresponding avatar.","data collection, website, data extraction,study, film, tv, character, avatar, customisation","$0.05","Mon Aug 10 07:05:57 PDT 2020","6","BatchId:4146567;OriginalHitTemplateId:928390828;","3600","259200","Mon Aug 17 07:05:57 PDT 2020","","","3RSDURM96BUZVBUJ1FGZGZZ5I4HYEQ","AR72OPW79QDID","Approved","Mon Aug 10 15:15:18 PDT 2020","Mon Aug 10 15:23:27 PDT 2020","Thu Aug 13 15:23:27 PDT 2020","Thu Aug 13 02:29:05 PDT 2020","","","489","100% (1/1)","100% (1/1)","0% (0/0)","https://raw.githubusercontent.com/aoibheannamy/MScProject/master/ImagesForMechTurk/video5frame360.jpg?token=APCQXYXCWYZDXJQIHTN5ZQK7GQSUK","","#fdc690","accolade","","#6d7395","","f","","flowing","#915b3f","","","","","","","","","","",""
"3DW3BNF1GHQYWWRUTZ2DS642GPRV8B","34S6YYW6IUZLVTHGW8NZS12OWZESBR","Create a simplified avatar for characters from film and tv and collect data from website.","We are conducting an academic study to parameterise film and tv characters physical appearances for the creation of visual novels. We would like you to look at an image of a film/tv character and use the link below to create a corresponding avatar.","data collection, website, data extraction,study, film, tv, character, avatar, customisation","$0.05","Mon Aug 10 07:05:57 PDT 2020","6","BatchId:4146567;OriginalHitTemplateId:928390828;","3600","259200","Mon Aug 17 07:05:57 PDT 2020","","","3WETL7AQWUGYJP421TU6MBXFWFM53Z","A3VAC7HI4XKTJD","Rejected","Tue Aug 11 05:46:48 PDT 2020","Tue Aug 11 05:48:07 PDT 2020","Fri Aug 14 05:48:07 PDT 2020","","Thu Aug 13 02:28:04 PDT 2020","Did not complete per the instructions.","79","25% (1/4)","25% (1/4)","0% (0/0)","https://raw.githubusercontent.com/aoibheannamy/MScProject/master/ImagesForMechTurk/video5frame360.jpg?token=APCQXYXCWYZDXJQIHTN5ZQK7GQSUK","","","black","","blue","","female","","messy","blond","","","","","","","","","","",""
"3DW3BNF1GHQYWWRUTZ2DS642GPRV8B","34S6YYW6IUZLVTHGW8NZS12OWZESBR","Create a simplified avatar for characters from film and tv and collect data from website.","We are conducting an academic study to parameterise film and tv characters physical appearances for the creation of visual novels. We would like you to look at an image of a film/tv character and use the link below to create a corresponding avatar.","data collection, website, data extraction,study, film, tv, character, avatar, customisation","$0.05","Mon Aug 10 07:05:57 PDT 2020","6","BatchId:4146567;OriginalHitTemplateId:928390828;","3600","259200","Mon Aug 17 07:05:57 PDT 2020","","","3WT783CTPCPOL5HUVWWKI011CZMBCR","A3NGCXFG7RB31Y","Rejected","Thu Aug 13 02:52:31 PDT 2020","Thu Aug 13 02:56:34 PDT 2020","Sun Aug 16 02:56:34 PDT 2020","","Fri Aug 14 04:57:33 PDT 2020","Not completed per instructions - not copied correctly or fully (leaving out # at start of colours)","243","0% (0/2)","0% (0/2)","0% (0/2)","https://raw.githubusercontent.com/aoibheannamy/MScProject/master/ImagesForMechTurk/video5frame360.jpg?token=APCQXYXCWYZDXJQIHTN5ZQK7GQSUK","cherry","#a8756c","accolad","","#1e0101","goatte","m","glasses","gelled","#1a1a1a","","jeeens","","suit","","colar","hightoops","school","","bow","vest"
"3DW3BNF1GHQYWWRUTZ2DS642GPRV8B","34S6YYW6IUZLVTHGW8NZS12OWZESBR","Create a simplified avatar for characters from film and tv and collect data from website.","We are conducting an academic study to parameterise film and tv characters physical appearances for the creation of visual novels. We would like you to look at an image of a film/tv character and use the link below to create a corresponding avatar.","data collection, website, data extraction,study, film, tv, character, avatar, customisation","$0.05","Mon Aug 10 07:05:57 PDT 2020","6","BatchId:4146567;OriginalHitTemplateId:928390828;","3600","259200","Mon Aug 17 07:05:57 PDT 2020","","","3Z2R0DQ0JIM9UQ1C8U947VY03MPE2M","A1UGFGJFDN0BAU","Approved","Mon Aug 10 08:31:31 PDT 2020","Mon Aug 10 08:38:51 PDT 2020","Thu Aug 13 08:38:51 PDT 2020","Thu Aug 13 02:29:05 PDT 2020","","","440","100% (1/1)","100% (1/1)","0% (0/0)","https://raw.githubusercontent.com/aoibheannamy/MScProject/master/ImagesForMechTurk/video5frame360.jpg?token=APCQXYXCWYZDXJQIHTN5ZQK7GQSUK","","#e1b899","corset","","#784421","","f","","down","#daaf27","","","","","","","","","","",""
"3ZURAPD288VRPZLJUZOUVAE8EPYF1O","34S6YYW6IUZLVTHGW8NZS12OWZESBR","Create a simplified avatar for characters from film and tv and collect data from website.","We are conducting an academic study to parameterise film and tv characters physical appearances for the creation of visual novels. We would like you to look at an image of a film/tv character and use the link below to create a corresponding avatar.","data collection, website, data extraction,study, film, tv, character, avatar, customisation","$0.05","Mon Aug 10 07:05:57 PDT 2020","7","BatchId:4146567;OriginalHitTemplateId:928390828;","3600","259200","Mon Aug 17 07:05:57 PDT 2020","","","31Q0U3WYDQNHWQ462IVKW2WEPUS17T","A2FTUZUM4L0DK1","Rejected","Mon Aug 10 09:52:23 PDT 2020","Mon Aug 10 10:09:20 PDT 2020","Thu Aug 13 10:09:20 PDT 2020","","Tue Aug 11 03:12:46 PDT 2020","Instructions were not followed correctly.","1017","0% (0/1)","0% (0/1)","0% (0/0)","https://raw.githubusercontent.com/aoibheannamy/MScProject/master/ImagesForMechTurk/video6frame0.jpg?token=APCQXYSE4GFGEC3CYAQE5IS7GQSVC","","f0d5be","","","FF6600","","m","","spider","803300","","","","","","shirt","","","","",""
"3ZURAPD288VRPZLJUZOUVAE8EPYF1O","34S6YYW6IUZLVTHGW8NZS12OWZESBR","Create a simplified avatar for characters from film and tv and collect data from website.","We are conducting an academic study to parameterise film and tv characters physical appearances for the creation of visual novels. We would like you to look at an image of a film/tv character and use the link below to create a corresponding avatar.","data collection, website, data extraction,study, film, tv, character, avatar, customisation","$0.05","Mon Aug 10 07:05:57 PDT 2020","7","BatchId:4146567;OriginalHitTemplateId:928390828;","3600","259200","Mon Aug 17 07:05:57 PDT 2020","","","337RC3OW06AWXN96DQGJMVLV918LVH","A1PJGW7I7QE8MN","Rejected","Thu Aug 13 06:23:59 PDT 2020","Thu Aug 13 06:31:18 PDT 2020","Sun Aug 16 06:31:18 PDT 2020","","Fri Aug 14 04:57:33 PDT 2020","Not completed per instructions - not copied correctly or fully (leaving out # at start of colours)","439","17% (1/6)","17% (1/6)","17% (1/6)","https://raw.githubusercontent.com/aoibheannamy/MScProject/master/ImagesForMechTurk/video6frame0.jpg?token=APCQXYSE4GFGEC3CYAQE5IS7GQSVC","","f0c8c9","","","37ABC8","","f","","flowing","ffcc00","","","","","","sweat","hightops","jeans","","",""
"3ZURAPD288VRPZLJUZOUVAE8EPYF1O","34S6YYW6IUZLVTHGW8NZS12OWZESBR","Create a simplified avatar for characters from film and tv and collect data from website.","We are conducting an academic study to parameterise film and tv characters physical appearances for the creation of visual novels. We would like you to look at an image of a film/tv character and use the link below to create a corresponding avatar.","data collection, website, data extraction,study, film, tv, character, avatar, customisation","$0.05","Mon Aug 10 07:05:57 PDT 2020","7","BatchId:4146567;OriginalHitTemplateId:928390828;","3600","259200","Mon Aug 17 07:05:57 PDT 2020","","","33JKGHPFYD23V0IIBBV7CR67NRHNM1","A2DHDSYNFZZVUK","Rejected","Tue Aug 11 07:20:14 PDT 2020","Tue Aug 11 07:25:37 PDT 2020","Fri Aug 14 07:25:37 PDT 2020","","Thu Aug 13 02:28:05 PDT 2020","Did not complete per the instructions.","323","17% (1/6)","17% (1/6)","0% (0/1)","https://raw.githubusercontent.com/aoibheannamy/MScProject/master/ImagesForMechTurk/video6frame0.jpg?token=APCQXYSE4GFGEC3CYAQE5IS7GQSVC","Purple","","Coat","","Black","Scary","masculine","","Long hair","Green","","","","","","Black","","","","Black & grey",""
"3ZURAPD288VRPZLJUZOUVAE8EPYF1O","34S6YYW6IUZLVTHGW8NZS12OWZESBR","Create a simplified avatar for characters from film and tv and collect data from website.","We are conducting an academic study to parameterise film and tv characters physical appearances for the creation of visual novels. We would like you to look at an image of a film/tv character and use the link below to create a corresponding avatar.","data collection, website, data extraction,study, film, tv, character, avatar, customisation","$0.05","Mon Aug 10 07:05:57 PDT 2020","7","BatchId:4146567;OriginalHitTemplateId:928390828;","3600","259200","Mon Aug 17 07:05:57 PDT 2020","","","35DR22AR5ES7L8OC7ZD1EUOZPGZ3XE","AQB0TQPOGOFQE","Approved","Tue Aug 11 10:48:36 PDT 2020","Tue Aug 11 10:55:29 PDT 2020","Fri Aug 14 10:55:29 PDT 2020","Thu Aug 13 02:29:07 PDT 2020","","","413","80% (4/5)","80% (4/5)","0% (0/0)","https://raw.githubusercontent.com/aoibheannamy/MScProject/master/ImagesForMechTurk/video6frame0.jpg?token=APCQXYSE4GFGEC3CYAQE5IS7GQSVC","","#ffdfc4","","","#564a4a","","m","","afro","#cab908","","","","suit","","colar","leather","","","neck",""
"3ZURAPD288VRPZLJUZOUVAE8EPYF1O","34S6YYW6IUZLVTHGW8NZS12OWZESBR","Create a simplified avatar for characters from film and tv and collect data from website.","We are conducting an academic study to parameterise film and tv characters physical appearances for the creation of visual novels. We would like you to look at an image of a film/tv character and use the link below to create a corresponding avatar.","data collection, website, data extraction,study, film, tv, character, avatar, customisation","$0.05","Mon Aug 10 07:05:57 PDT 2020","7","BatchId:4146567;OriginalHitTemplateId:928390828;","3600","259200","Mon Aug 17 07:05:57 PDT 2020","","","39LNWE0K4V4UU7C0NX91YTRKE7XIU1","A13POAI7GIMYET","Approved","Mon Aug 10 09:41:21 PDT 2020","Mon Aug 10 09:44:00 PDT 2020","Thu Aug 13 09:44:00 PDT 2020","Thu Aug 13 02:29:08 PDT 2020","","","159","100% (2/2)","100% (2/2)","0% (0/0)","https://raw.githubusercontent.com/aoibheannamy/MScProject/master/ImagesForMechTurk/video6frame0.jpg?token=APCQXYSE4GFGEC3CYAQE5IS7GQSVC","","#ffdcb2","","","#1a1919","","m","","manga","#1a1a1a","","suit","","suit","","colar","leather","","","neck",""
"3ZURAPD288VRPZLJUZOUVAE8EPYF1O","34S6YYW6IUZLVTHGW8NZS12OWZESBR","Create a simplified avatar for characters from film and tv and collect data from website.","We are conducting an academic study to parameterise film and tv characters physical appearances for the creation of visual novels. We would like you to look at an image of a film/tv character and use the link below to create a corresponding avatar.","data collection, website, data extraction,study, film, tv, character, avatar, customisation","$0.05","Mon Aug 10 07:05:57 PDT 2020","7","BatchId:4146567;OriginalHitTemplateId:928390828;","3600","259200","Mon Aug 17 07:05:57 PDT 2020","","","3A4NIXBJ777D70FXZYFSZZ2IIECMLT","A1H3245PDFEQM7","Approved","Fri Aug 14 07:15:56 PDT 2020","Fri Aug 14 07:36:30 PDT 2020","Mon Aug 17 07:36:30 PDT 2020","Mon Aug 17 07:36:40 PDT 2020","","","1234","50% (1/2)","50% (1/2)","50% (1/2)","https://raw.githubusercontent.com/aoibheannamy/MScProject/master/ImagesForMechTurk/video6frame0.jpg?token=APCQXYSE4GFGEC3CYAQE5IS7GQSVC","","#f7f1f1","suit","","#1d1c1c","","F","","down","#1a1a1a","police","","","","","","","","chaos_chest","",""
"3ZURAPD288VRPZLJUZOUVAE8EPYF1O","34S6YYW6IUZLVTHGW8NZS12OWZESBR","Create a simplified avatar for characters from film and tv and collect data from website.","We are conducting an academic study to parameterise film and tv characters physical appearances for the creation of visual novels. We would like you to look at an image of a film/tv character and use the link below to create a corresponding avatar.","data collection, website, data extraction,study, film, tv, character, avatar, customisation","$0.05","Mon Aug 10 07:05:57 PDT 2020","7","BatchId:4146567;OriginalHitTemplateId:928390828;","3600","259200","Mon Aug 17 07:05:57 PDT 2020","","","3OF2M9AATHW2M1WYTNTLS1LC8U4ZKN","A3AQHO43OYUO2I","Rejected","Mon Aug 10 12:08:23 PDT 2020","Mon Aug 10 12:09:06 PDT 2020","Thu Aug 13 12:09:06 PDT 2020","","Tue Aug 11 03:12:46 PDT 2020","Instructions were not followed correctly.","43","0% (0/11)","0% (0/11)","0% (0/6)","https://raw.githubusercontent.com/aoibheannamy/MScProject/master/ImagesForMechTurk/video6frame0.jpg?token=APCQXYSE4GFGEC3CYAQE5IS7GQSVC","","","","","blck","","male","","","back","","","","","","","","","","",""
"382GHPVPHSZD1M29XM6USZWENJ334G","34S6YYW6IUZLVTHGW8NZS12OWZESBR","Create a simplified avatar for characters from film and tv and collect data from website.","We are conducting an academic study to parameterise film and tv characters physical appearances for the creation of visual novels. We would like you to look at an image of a film/tv character and use the link below to create a corresponding avatar.","data collection, website, data extraction,study, film, tv, character, avatar, customisation","$0.05","Mon Aug 10 07:05:57 PDT 2020","6","BatchId:4146567;OriginalHitTemplateId:928390828;","3600","259200","Mon Aug 17 07:05:57 PDT 2020","","","39PAAFCODN8KG0HBMZIA8MVC3U4TVY","A68FIWPPC52M4","Approved","Mon Aug 10 08:27:14 PDT 2020","Mon Aug 10 08:34:34 PDT 2020","Thu Aug 13 08:34:34 PDT 2020","Thu Aug 13 02:29:03 PDT 2020","","","440","100% (2/2)","100% (2/2)","0% (0/0)","https://raw.githubusercontent.com/aoibheannamy/MScProject/master/ImagesForMechTurk/video6frame1020.jpg?token=APCQXYW2S4JKCZ24ZWJP3CK7GQSV2","","#e79e6d","","","#e79e6d","","m","","down","#1a1a1a","","suit","","jeans","","tshirt","hightops","","","",""
"382GHPVPHSZD1M29XM6USZWENJ334G","34S6YYW6IUZLVTHGW8NZS12OWZESBR","Create a simplified avatar for characters from film and tv and collect data from website.","We are conducting an academic study to parameterise film and tv characters physical appearances for the creation of visual novels. We would like you to look at an image of a film/tv character and use the link below to create a corresponding avatar.","data collection, website, data extraction,study, film, tv, character, avatar, customisation","$0.05","Mon Aug 10 07:05:57 PDT 2020","6","BatchId:4146567;OriginalHitTemplateId:928390828;","3600","259200","Mon Aug 17 07:05:57 PDT 2020","","","3ATPCQ38J9IW5YD7LAEDKG9EXV4AY4","A2DHDSYNFZZVUK","Rejected","Tue Aug 11 08:05:52 PDT 2020","Tue Aug 11 08:10:39 PDT 2020","Fri Aug 14 08:10:39 PDT 2020","","Thu Aug 13 02:28:03 PDT 2020","Did not complete per the instructions.","287","17% (1/6)","17% (1/6)","0% (0/1)","https://raw.githubusercontent.com/aoibheannamy/MScProject/master/ImagesForMechTurk/video6frame1020.jpg?token=APCQXYW2S4JKCZ24ZWJP3CK7GQSV2","Coat","Movie clips","","","Black","Oval face","Masculine","","The slick-back","Black","","Suit","","","","Black","","","","",""
"382GHPVPHSZD1M29XM6USZWENJ334G","34S6YYW6IUZLVTHGW8NZS12OWZESBR","Create a simplified avatar for characters from film and tv and collect data from website.","We are conducting an academic study to parameterise film and tv characters physical appearances for the creation of visual novels. We would like you to look at an image of a film/tv character and use the link below to create a corresponding avatar.","data collection, website, data extraction,study, film, tv, character, avatar, customisation","$0.05","Mon Aug 10 07:05:57 PDT 2020","6","BatchId:4146567;OriginalHitTemplateId:928390828;","3600","259200","Mon Aug 17 07:05:57 PDT 2020","","","3MX2NQ3YCA2AZNBGLI1UTRMJ3205XW","A27PNC6Q4IB0Y6","Approved","Mon Aug 10 09:03:42 PDT 2020","Mon Aug 10 09:20:51 PDT 2020","Thu Aug 13 09:20:51 PDT 2020","Thu Aug 13 02:29:03 PDT 2020","","","1029","100% (2/2)","100% (2/2)","0% (0/0)","https://raw.githubusercontent.com/aoibheannamy/MScProject/master/ImagesForMechTurk/video6frame1020.jpg?token=APCQXYW2S4JKCZ24ZWJP3CK7GQSV2","","#e1b899","","","#2c2b2b","","m","","gelled","#1a1a1a","","suit","","jeans","","tshirt","hightops","","","",""
"382GHPVPHSZD1M29XM6USZWENJ334G","34S6YYW6IUZLVTHGW8NZS12OWZESBR","Create a simplified avatar for characters from film and tv and collect data from website.","We are conducting an academic study to parameterise film and tv characters physical appearances for the creation of visual novels. We would like you to look at an image of a film/tv character and use the link below to create a corresponding avatar.","data collection, website, data extraction,study, film, tv, character, avatar, customisation","$0.05","Mon Aug 10 07:05:57 PDT 2020","6","BatchId:4146567;OriginalHitTemplateId:928390828;","3600","259200","Mon Aug 17 07:05:57 PDT 2020","","","3QJOXOW4XKZZ1U55ICSOM4CY9IREMG","A1PJGW7I7QE8MN","Approved","Fri Aug 14 08:22:42 PDT 2020","Fri Aug 14 08:27:37 PDT 2020","Mon Aug 17 08:27:37 PDT 2020","Mon Aug 17 08:27:41 PDT 2020","","","295","17% (1/6)","17% (1/6)","17% (1/6)","https://raw.githubusercontent.com/aoibheannamy/MScProject/master/ImagesForMechTurk/video6frame1020.jpg?token=APCQXYW2S4JKCZ24ZWJP3CK7GQSV2","","ffdfc4","pigtails","","6F918A","","f","","pigtails","#803300","","","","","","","","","","",""
"382GHPVPHSZD1M29XM6USZWENJ334G","34S6YYW6IUZLVTHGW8NZS12OWZESBR","Create a simplified avatar for characters from film and tv and collect data from website.","We are conducting an academic study to parameterise film and tv characters physical appearances for the creation of visual novels. We would like you to look at an image of a film/tv character and use the link below to create a corresponding avatar.","data collection, website, data extraction,study, film, tv, character, avatar, customisation","$0.05","Mon Aug 10 07:05:57 PDT 2020","6","BatchId:4146567;OriginalHitTemplateId:928390828;","3600","259200","Mon Aug 17 07:05:57 PDT 2020","","","3R8YZBNQ9IQ5DUONNXLZX34MX5GQ77","A30IHPYTKAV6IG","Rejected","Mon Aug 10 07:28:59 PDT 2020","Mon Aug 10 07:39:22 PDT 2020","Thu Aug 13 07:39:22 PDT 2020","","Tue Aug 11 03:12:42 PDT 2020","Instructions were not followed correctly.","623","0% (0/3)","0% (0/3)","0% (0/0)","https://raw.githubusercontent.com/aoibheannamy/MScProject/master/ImagesForMechTurk/video6frame1020.jpg?token=APCQXYW2S4JKCZ24ZWJP3CK7GQSV2","","e5c298","","","e5c298","","m","","e5c298","e5c298","","e5c298","","e5c298","","e5c298","","","","",""
"382GHPVPHSZD1M29XM6USZWENJ334G","34S6YYW6IUZLVTHGW8NZS12OWZESBR","Create a simplified avatar for characters from film and tv and collect data from website.","We are conducting an academic study to parameterise film and tv characters physical appearances for the creation of visual novels. We would like you to look at an image of a film/tv character and use the link below to create a corresponding avatar.","data collection, website, data extraction,study, film, tv, character, avatar, customisation","$0.05","Mon Aug 10 07:05:57 PDT 2020","6","BatchId:4146567;OriginalHitTemplateId:928390828;","3600","259200","Mon Aug 17 07:05:57 PDT 2020","","","3WI0P0II620L644XRPDL2LONFN9RDW","A3HCQ6RL62PKY0","Rejected","Thu Aug 13 10:36:28 PDT 2020","Thu Aug 13 10:40:30 PDT 2020","Sun Aug 16 10:40:30 PDT 2020","","Fri Aug 14 04:57:32 PDT 2020","Not completed per instructions - not copied correctly or fully (leaving out # at start of colours)","242","0% (0/1)","0% (0/1)","0% (0/1)","https://raw.githubusercontent.com/aoibheannamy/MScProject/master/ImagesForMechTurk/video6frame1020.jpg?token=APCQXYW2S4JKCZ24ZWJP3CK7GQSV2","","#5c3836","","","#552200","","m","","crewcut","150707","","","","","","","","","aum_right","",""
"39O0SQZVJNF23B5UAA5XD9J4KZ97R8","34S6YYW6IUZLVTHGW8NZS12OWZESBR","Create a simplified avatar for characters from film and tv and collect data from website.","We are conducting an academic study to parameterise film and tv characters physical appearances for the creation of visual novels. We would like you to look at an image of a film/tv character and use the link below to create a corresponding avatar.","data collection, website, data extraction,study, film, tv, character, avatar, customisation","$0.05","Mon Aug 10 07:05:57 PDT 2020","8","BatchId:4146567;OriginalHitTemplateId:928390828;","3600","259200","Mon Aug 17 07:05:57 PDT 2020","","","320DUZ38G8U7K0VBLA5K6F5TINXGJJ","A2DHDSYNFZZVUK","Rejected","Tue Aug 11 11:27:35 PDT 2020","Tue Aug 11 11:32:03 PDT 2020","Fri Aug 14 11:32:03 PDT 2020","","Thu Aug 13 02:28:41 PDT 2020","Did not complete per the instructions.","268","17% (1/6)","17% (1/6)","0% (0/1)","https://raw.githubusercontent.com/aoibheannamy/MScProject/master/ImagesForMechTurk/video6frame60.jpg?token=APCQXYVTXLOOTT7LCZSZZCC7GQSWQ","","","","","Brown","Short box beard","Masculine","","Forward brush","","","","","","","Whit","","","","Pink & red","Black Coat"
"39O0SQZVJNF23B5UAA5XD9J4KZ97R8","34S6YYW6IUZLVTHGW8NZS12OWZESBR","Create a simplified avatar for characters from film and tv and collect data from website.","We are conducting an academic study to parameterise film and tv characters physical appearances for the creation of visual novels. We would like you to look at an image of a film/tv character and use the link below to create a corresponding avatar.","data collection, website, data extraction,study, film, tv, character, avatar, customisation","$0.05","Mon Aug 10 07:05:57 PDT 2020","8","BatchId:4146567;OriginalHitTemplateId:928390828;","3600","259200","Mon Aug 17 07:05:57 PDT 2020","","","35GCEFQ6I6WWQ3OR8H1MBF4AXTRZ3R","A3NBW7JPOK4MY8","Approved","Thu Aug 13 15:52:04 PDT 2020","Thu Aug 13 16:11:19 PDT 2020","Sun Aug 16 16:11:19 PDT 2020","Fri Aug 14 04:56:59 PDT 2020","","","1155","100% (1/1)","100% (1/1)","100% (1/1)","https://raw.githubusercontent.com/aoibheannamy/MScProject/master/ImagesForMechTurk/video6frame60.jpg?token=APCQXYVTXLOOTT7LCZSZZCC7GQSWQ","","#e5b887","","gold_rings","#211a1a","","f","hipster","flowing","#2f1e1e","","","","jeans","","sweet","hightops","","","",""
"39O0SQZVJNF23B5UAA5XD9J4KZ97R8","34S6YYW6IUZLVTHGW8NZS12OWZESBR","Create a simplified avatar for characters from film and tv and collect data from website.","We are conducting an academic study to parameterise film and tv characters physical appearances for the creation of visual novels. We would like you to look at an image of a film/tv character and use the link below to create a corresponding avatar.","data collection, website, data extraction,study, film, tv, character, avatar, customisation","$0.05","Mon Aug 10 07:05:57 PDT 2020","8","BatchId:4146567;OriginalHitTemplateId:928390828;","3600","259200","Mon Aug 17 07:05:57 PDT 2020","","","3BEFOD78W71H9S8CT6GBDI07WTKM45","AN7OEBWBC76W1","Approved","Fri Aug 14 10:19:36 PDT 2020","Fri Aug 14 10:23:04 PDT 2020","Mon Aug 17 10:23:04 PDT 2020","Mon Aug 17 10:23:40 PDT 2020","","","208","100% (1/1)","100% (1/1)","100% (1/1)","https://raw.githubusercontent.com/aoibheannamy/MScProject/master/ImagesForMechTurk/video6frame60.jpg?token=APCQXYVTXLOOTT7LCZSZZCC7GQSWQ","","#ffdcb2","accolade","","#005bff","","f","","flowing","#973e3e","","","","","","","","","","",""
"39O0SQZVJNF23B5UAA5XD9J4KZ97R8","34S6YYW6IUZLVTHGW8NZS12OWZESBR","Create a simplified avatar for characters from film and tv and collect data from website.","We are conducting an academic study to parameterise film and tv characters physical appearances for the creation of visual novels. We would like you to look at an image of a film/tv character and use the link below to create a corresponding avatar.","data collection, website, data extraction,study, film, tv, character, avatar, customisation","$0.05","Mon Aug 10 07:05:57 PDT 2020","8","BatchId:4146567;OriginalHitTemplateId:928390828;","3600","259200","Mon Aug 17 07:05:57 PDT 2020","","","3LKC68YZ3BBHIXC8GS170E83BF1WO5","A1PJGW7I7QE8MN","Rejected","Thu Aug 13 05:23:33 PDT 2020","Thu Aug 13 05:45:04 PDT 2020","Sun Aug 16 05:45:04 PDT 2020","","Fri Aug 14 04:57:32 PDT 2020","Not completed per instructions - not copied correctly or fully (leaving out # at start of colours)","1291","17% (1/6)","17% (1/6)","17% (1/6)","https://raw.githubusercontent.com/aoibheannamy/MScProject/master/ImagesForMechTurk/video6frame60.jpg?token=APCQXYVTXLOOTT7LCZSZZCC7GQSWQ","","ffe000","","","784421","none","male","rayban","1a1a1a","1a1a1a","","","","","","tshirt","hightops","jeans","","","vest"
"39O0SQZVJNF23B5UAA5XD9J4KZ97R8","34S6YYW6IUZLVTHGW8NZS12OWZESBR","Create a simplified avatar for characters from film and tv and collect data from website.","We are conducting an academic study to parameterise film and tv characters physical appearances for the creation of visual novels. We would like you to look at an image of a film/tv character and use the link below to create a corresponding avatar.","data collection, website, data extraction,study, film, tv, character, avatar, customisation","$0.05","Mon Aug 10 07:05:57 PDT 2020","8","BatchId:4146567;OriginalHitTemplateId:928390828;","3600","259200","Mon Aug 17 07:05:57 PDT 2020","","","3LYA37P8IRV643TIN9DI6JE9HO6KBK","A1RFJ16F4UNU6S","Rejected","Mon Aug 10 07:13:14 PDT 2020","Mon Aug 10 07:21:15 PDT 2020","Thu Aug 13 07:21:15 PDT 2020","","Tue Aug 11 03:12:43 PDT 2020","Instructions were not followed correctly.","481","0% (0/1)","0% (0/1)","0% (0/0)","https://raw.githubusercontent.com/aoibheannamy/MScProject/master/ImagesForMechTurk/video6frame60.jpg?token=APCQXYVTXLOOTT7LCZSZZCC7GQSWQ","blue","#8564","accolate","earring","#553220","black","mail","cooler","down","#1h1h1h","ring","","no","suit","scar","white","higheels","school","tatto","black","vest"
"39O0SQZVJNF23B5UAA5XD9J4KZ97R8","34S6YYW6IUZLVTHGW8NZS12OWZESBR","Create a simplified avatar for characters from film and tv and collect data from website.","We are conducting an academic study to parameterise film and tv characters physical appearances for the creation of visual novels. We would like you to look at an image of a film/tv character and use the link below to create a corresponding avatar.","data collection, website, data extraction,study, film, tv, character, avatar, customisation","$0.05","Mon Aug 10 07:05:57 PDT 2020","8","BatchId:4146567;OriginalHitTemplateId:928390828;","3600","259200","Mon Aug 17 07:05:57 PDT 2020","","","3P4MQ7TPPYK5B0POHW0P7GVJU8MBB8","A1ZRMGT9H6JDXF","Approved","Wed Aug 12 02:10:40 PDT 2020","Wed Aug 12 02:16:33 PDT 2020","Sat Aug 15 02:16:33 PDT 2020","Thu Aug 13 02:29:04 PDT 2020","","","353","100% (2/2)","100% (2/2)","0% (0/0)","https://raw.githubusercontent.com/aoibheannamy/MScProject/master/ImagesForMechTurk/video6frame60.jpg?token=APCQXYVTXLOOTT7LCZSZZCC7GQSWQ","","#5c3836","","gold_ring_left","#1d1616","goatee","m","","crewcut","#1a1a1a","","suit","","suit","","colar","leather","","","neck","vest"
"39O0SQZVJNF23B5UAA5XD9J4KZ97R8","34S6YYW6IUZLVTHGW8NZS12OWZESBR","Create a simplified avatar for characters from film and tv and collect data from website.","We are conducting an academic study to parameterise film and tv characters physical appearances for the creation of visual novels. We would like you to look at an image of a film/tv character and use the link below to create a corresponding avatar.","data collection, website, data extraction,study, film, tv, character, avatar, customisation","$0.05","Mon Aug 10 07:05:57 PDT 2020","8","BatchId:4146567;OriginalHitTemplateId:928390828;","3600","259200","Mon Aug 17 07:05:57 PDT 2020","","","3WEV0KO0ON0X7J4A6EDQSVTJ166SDX","A3AQHO43OYUO2I","Rejected","Mon Aug 10 12:04:29 PDT 2020","Mon Aug 10 12:06:57 PDT 2020","Thu Aug 13 12:06:57 PDT 2020","","Tue Aug 11 03:12:43 PDT 2020","Instructions were not followed correctly.","148","0% (0/11)","0% (0/11)","0% (0/6)","https://raw.githubusercontent.com/aoibheannamy/MScProject/master/ImagesForMechTurk/video6frame60.jpg?token=APCQXYVTXLOOTT7LCZSZZCC7GQSWQ","white","talked with lady","black","","brown","kurly","Male","napkin","","dark","","black","","black","","white","black","black","","pink","black"
"39O0SQZVJNF23B5UAA5XD9J4KZ97R8","34S6YYW6IUZLVTHGW8NZS12OWZESBR","Create a simplified avatar for characters from film and tv and collect data from website.","We are conducting an academic study to parameterise film and tv characters physical appearances for the creation of visual novels. We would like you to look at an image of a film/tv character and use the link below to create a corresponding avatar.","data collection, website, data extraction,study, film, tv, character, avatar, customisation","$0.05","Mon Aug 10 07:05:57 PDT 2020","8","BatchId:4146567;OriginalHitTemplateId:928390828;","3600","259200","Mon Aug 17 07:05:57 PDT 2020","","","3X65QVEQI1V0YE36M9LEW3X6OABLCX","A18TZ6S54Z5UF","Rejected","Mon Aug 10 09:03:13 PDT 2020","Mon Aug 10 09:11:15 PDT 2020","Thu Aug 13 09:11:15 PDT 2020","","Thu Aug 13 02:28:03 PDT 2020","Did not complete per the instructions.","482","0% (0/1)","0% (0/1)","0% (0/0)","https://raw.githubusercontent.com/aoibheannamy/MScProject/master/ImagesForMechTurk/video6frame60.jpg?token=APCQXYVTXLOOTT7LCZSZZCC7GQSWQ","n/a","#704139","n/a","Yes, small ones","#552200","goatee","m","n/a","crewcut","#1a1a1a","n/a","suit","n/a","suit","n/a","colar","n/a","n/a","n/a","neck","n/a"
"386659BNTLP0SV6TRH59S3R48N9015","34S6YYW6IUZLVTHGW8NZS12OWZESBR","Create a simplified avatar for characters from film and tv and collect data from website.","We are conducting an academic study to parameterise film and tv characters physical appearances for the creation of visual novels. We would like you to look at an image of a film/tv character and use the link below to create a corresponding avatar.","data collection, website, data extraction,study, film, tv, character, avatar, customisation","$0.05","Mon Aug 10 07:05:57 PDT 2020","4","BatchId:4146567;OriginalHitTemplateId:928390828;","3600","259200","Mon Aug 17 07:05:57 PDT 2020","","","3A9AA95ATXU5QE9PZRRDZE0G14V5PE","A27PNC6Q4IB0Y6","Approved","Mon Aug 10 09:21:08 PDT 2020","Mon Aug 10 09:29:30 PDT 2020","Thu Aug 13 09:29:30 PDT 2020","Thu Aug 13 02:29:04 PDT 2020","","","502","100% (2/2)","100% (2/2)","0% (0/0)","https://raw.githubusercontent.com/aoibheannamy/MScProject/master/ImagesForMechTurk/video6frame870.jpg?token=APCQXYTLADSWP2D2UXNETQK7GQSXK","","#a3866a","","","#1a1818","","m","","wavy","#504d4d","","suit","","suit","","colar","leather","","","neck",""
"386659BNTLP0SV6TRH59S3R48N9015","34S6YYW6IUZLVTHGW8NZS12OWZESBR","Create a simplified avatar for characters from film and tv and collect data from website.","We are conducting an academic study to parameterise film and tv characters physical appearances for the creation of visual novels. We would like you to look at an image of a film/tv character and use the link below to create a corresponding avatar.","data collection, website, data extraction,study, film, tv, character, avatar, customisation","$0.05","Mon Aug 10 07:05:57 PDT 2020","4","BatchId:4146567;OriginalHitTemplateId:928390828;","3600","259200","Mon Aug 17 07:05:57 PDT 2020","","","3DZQRBDBSMNZPR2DDP7EFM77ASKS30","A3NQY72HDQJT89","Rejected","Mon Aug 10 09:59:51 PDT 2020","Mon Aug 10 10:01:19 PDT 2020","Thu Aug 13 10:01:19 PDT 2020","","Tue Aug 11 03:12:42 PDT 2020","Instructions were not followed correctly.","88","0% (0/7)","0% (0/7)","0% (0/0)","https://raw.githubusercontent.com/aoibheannamy/MScProject/master/ImagesForMechTurk/video6frame870.jpg?token=APCQXYTLADSWP2D2UXNETQK7GQSXK","na","brown","suit","na","black","na","male","na","casual","brown","na","na","na","na","na","shirt","yes","ma","na","yes","yes"
"386659BNTLP0SV6TRH59S3R48N9015","34S6YYW6IUZLVTHGW8NZS12OWZESBR","Create a simplified avatar for characters from film and tv and collect data from website.","We are conducting an academic study to parameterise film and tv characters physical appearances for the creation of visual novels. We would like you to look at an image of a film/tv character and use the link below to create a corresponding avatar.","data collection, website, data extraction,study, film, tv, character, avatar, customisation","$0.05","Mon Aug 10 07:05:57 PDT 2020","4","BatchId:4146567;OriginalHitTemplateId:928390828;","3600","259200","Mon Aug 17 07:05:57 PDT 2020","","","3OHYZ19UGDDKBK95FN5FIPBCJJIAO2","ACWDZZWPEW8ZB","Approved","Tue Aug 11 03:25:32 PDT 2020","Tue Aug 11 03:37:09 PDT 2020","Fri Aug 14 03:37:09 PDT 2020","Thu Aug 13 02:29:04 PDT 2020","","","697","100% (1/1)","100% (1/1)","0% (0/0)","https://raw.githubusercontent.com/aoibheannamy/MScProject/master/ImagesForMechTurk/video6frame870.jpg?token=APCQXYTLADSWP2D2UXNETQK7GQSXK","","#5c3836","","","#552200","goatee","m","Glasses","balding","#1a1a1a","baseball","suit","","suit","","colar","hightops","","","neck","vest"
"386659BNTLP0SV6TRH59S3R48N9015","34S6YYW6IUZLVTHGW8NZS12OWZESBR","Create a simplified avatar for characters from film and tv and collect data from website.","We are conducting an academic study to parameterise film and tv characters physical appearances for the creation of visual novels. We would like you to look at an image of a film/tv character and use the link below to create a corresponding avatar.","data collection, website, data extraction,study, film, tv, character, avatar, customisation","$0.05","Mon Aug 10 07:05:57 PDT 2020","4","BatchId:4146567;OriginalHitTemplateId:928390828;","3600","259200","Mon Aug 17 07:05:57 PDT 2020","","","3P1L2B7AD2X17309CEU5R3RNDQ6OLD","AX9J1JABMEPAG","Approved","Mon Aug 10 12:06:52 PDT 2020","Mon Aug 10 12:15:40 PDT 2020","Thu Aug 13 12:15:40 PDT 2020","Thu Aug 13 02:29:04 PDT 2020","","","528","100% (1/1)","100% (1/1)","0% (0/0)","https://raw.githubusercontent.com/aoibheannamy/MScProject/master/ImagesForMechTurk/video6frame870.jpg?token=APCQXYTLADSWP2D2UXNETQK7GQSXK","","#eeceb3","","","#83571a","","m","","gelled","#514f4f","","suit","","suit","","colar","leather","","","neck",""