image_url,image2_url
https://raw.githubusercontent.com/aoibheannamy/aoibheannamy.github.io/master/Images/SpectacularNow2.jpg?token=APCQXYUFMSFJVFGFXW6BMX27IT5W6,https://raw.githubusercontent.com/aoibheannamy/aoibheannamy.github.io/master/manual/TheSpectacularNow-FirstKiss/video2frame570.jpg?token=APCQXYQ45PISZPO6XMSH7IS7IOSTK
https://raw.githubusercontent.com/aoibheannamy/aoibheannamy.github.io/master/Images/SpectacularNow2.jpg?token=APCQXYUFMSFJVFGFXW6BMX27IT5W6,https://raw.githubusercontent.com/aoibheannamy/aoibheannamy.github.io/master/manual/TheSpectacularNow-FirstKiss/video2frame600.jpg?token=APCQXYVP7M23Q5ZH26OOCX27IOSU6
https://raw.githubusercontent.com/aoibheannamy/aoibheannamy.github.io/master/Images/SpectacularNow2.jpg?token=APCQXYUFMSFJVFGFXW6BMX27IT5W6,https://raw.githubusercontent.com/aoibheannamy/aoibheannamy.github.io/master/manual/TheSpectacularNow-FirstKiss/video2frame630.jpg?token=APCQXYQGRAWGEPWPNILSA5K7IOSVU
https://raw.githubusercontent.com/aoibheannamy/aoibheannamy.github.io/master/Images/SpectacularNow2.jpg?token=APCQXYUFMSFJVFGFXW6BMX27IT5W6,https://raw.githubusercontent.com/aoibheannamy/aoibheannamy.github.io/master/manual/TheSpectacularNow-FirstKiss/video2frame660.jpg?token=APCQXYVG5YSMAHQDFREFF327IU3ZQ
https://raw.githubusercontent.com/aoibheannamy/aoibheannamy.github.io/master/Images/SpectacularNow2.jpg?token=APCQXYUFMSFJVFGFXW6BMX27IT5W6,https://raw.githubusercontent.com/aoibheannamy/aoibheannamy.github.io/master/manual/TheSpectacularNow-FirstKiss/video2frame690.jpg?token=APCQXYT2YJDKUDPJLMVLJ2K7IU32Q
https://raw.githubusercontent.com/aoibheannamy/aoibheannamy.github.io/master/Images/SpectacularNow2.jpg?token=APCQXYUFMSFJVFGFXW6BMX27IT5W6,https://raw.githubusercontent.com/aoibheannamy/aoibheannamy.github.io/master/manual/TheSpectacularNow-FirstKiss/video2frame720.jpg?token=APCQXYQX3WBSZKBBTPIREDK7IU33M
https://raw.githubusercontent.com/aoibheannamy/aoibheannamy.github.io/master/Images/SpectacularNow2.jpg?token=APCQXYUFMSFJVFGFXW6BMX27IT5W6,https://raw.githubusercontent.com/aoibheannamy/aoibheannamy.github.io/master/manual/TheSpectacularNow-FirstKiss/video2frame750.jpg?token=APCQXYR4MHDD5OAOWNXV3I27IU34E
https://raw.githubusercontent.com/aoibheannamy/aoibheannamy.github.io/master/Images/SpectacularNow2.jpg?token=APCQXYUFMSFJVFGFXW6BMX27IT5W6,https://raw.githubusercontent.com/aoibheannamy/aoibheannamy.github.io/master/manual/TheSpectacularNow-FirstKiss/video2frame780.jpg?token=APCQXYRCO5UDCMNGYYAVWLS7IU342
https://raw.githubusercontent.com/aoibheannamy/aoibheannamy.github.io/master/Images/SpectacularNow2.jpg?token=APCQXYUFMSFJVFGFXW6BMX27IT5W6,https://raw.githubusercontent.com/aoibheannamy/aoibheannamy.github.io/master/manual/TheSpectacularNow-FirstKiss/video2frame810.jpg?token=APCQXYVUPMQMFOUAZWHOEBC7IU35Q
https://raw.githubusercontent.com/aoibheannamy/aoibheannamy.github.io/master/Images/SpectacularNow2.jpg?token=APCQXYUFMSFJVFGFXW6BMX27IT5W6,https://raw.githubusercontent.com/aoibheannamy/aoibheannamy.github.io/master/manual/TheSpectacularNow-FirstKiss/video2frame840.jpg?token=APCQXYRTU23ELL2RP6HECLS7IU36G
https://raw.githubusercontent.com/aoibheannamy/aoibheannamy.github.io/master/Images/SpectacularNow2.jpg?token=APCQXYUFMSFJVFGFXW6BMX27IT5W6,https://raw.githubusercontent.com/aoibheannamy/aoibheannamy.github.io/master/manual/TheSpectacularNow-FirstKiss/video2frame870.jpg?token=APCQXYQGTSOYSR4LGSK4KBK7IU4AU
https://raw.githubusercontent.com/aoibheannamy/aoibheannamy.github.io/master/Images/SpectacularNow2.jpg?token=APCQXYUFMSFJVFGFXW6BMX27IT5W6,https://raw.githubusercontent.com/aoibheannamy/aoibheannamy.github.io/master/manual/TheSpectacularNow-FirstKiss/video2frame900.jpg?token=APCQXYV3AARQAUUPIP2ATCC7IU4BM
https://raw.githubusercontent.com/aoibheannamy/aoibheannamy.github.io/master/Images/SpectacularNow2.jpg?token=APCQXYUFMSFJVFGFXW6BMX27IT5W6,https://raw.githubusercontent.com/aoibheannamy/aoibheannamy.github.io/master/manual/TheSpectacularNow-FirstKiss/video2frame930.jpg?token=APCQXYWG4ZUJ7R4JKEHU4CS7IU4DI
https://raw.githubusercontent.com/aoibheannamy/aoibheannamy.github.io/master/Images/SpectacularNow2.jpg?token=APCQXYUFMSFJVFGFXW6BMX27IT5W6,https://raw.githubusercontent.com/aoibheannamy/aoibheannamy.github.io/master/manual/TheSpectacularNow-FirstKiss/video2frame960.jpg?token=APCQXYRIBXCN6HSN6QGQIUK7IU4EC
https://raw.githubusercontent.com/aoibheannamy/aoibheannamy.github.io/master/Images/SpectacularNow2.jpg?token=APCQXYUFMSFJVFGFXW6BMX27IT5W6,https://raw.githubusercontent.com/aoibheannamy/aoibheannamy.github.io/master/manual/TheSpectacularNow-FirstKiss/video2frame990.jpg?token=APCQXYQ4YXCFQ4H6OL6PWUC7IU4EW
https://raw.githubusercontent.com/aoibheannamy/aoibheannamy.github.io/master/Images/SpectacularNow2.jpg?token=APCQXYUFMSFJVFGFXW6BMX27IT5W6,https://raw.githubusercontent.com/aoibheannamy/aoibheannamy.github.io/master/manual/TheSpectacularNow-FirstKiss/video2frame1020.jpg?token=APCQXYW2D3WXXUBJEICH6A27IU4FU
https://raw.githubusercontent.com/aoibheannamy/aoibheannamy.github.io/master/Images/SpectacularNow2.jpg?token=APCQXYUFMSFJVFGFXW6BMX27IT5W6,https://raw.githubusercontent.com/aoibheannamy/aoibheannamy.github.io/master/manual/TheSpectacularNow-FirstKiss/video2frame1050.jpg?token=APCQXYSIVZHDXVETQG4RKLC7IU4GM
https://raw.githubusercontent.com/aoibheannamy/aoibheannamy.github.io/master/Images/SpectacularNow2.jpg?token=APCQXYUFMSFJVFGFXW6BMX27IT5W6,https://raw.githubusercontent.com/aoibheannamy/aoibheannamy.github.io/master/manual/TheSpectacularNow-FirstKiss/video2frame1080.jpg?token=APCQXYTJFXSW6DEQL3TTX2C7IU4HE
