image_url,video_url,image2_url
https://raw.githubusercontent.com/aoibheannamy/aoibheannamy.github.io/master/Images/spectacularNow1.jpg?token=APCQXYSK6VOJBGYBQEF2EK27IOULQ,,https://raw.githubusercontent.com/aoibheannamy/aoibheannamy.github.io/master/manual/TheSpectacularNow-FirstKiss/video2frame30.jpg?token=APCQXYXNMGSZEHM2BRKDYL27IOOC2
https://raw.githubusercontent.com/aoibheannamy/aoibheannamy.github.io/master/Images/spectacularNow1.jpg?token=APCQXYSK6VOJBGYBQEF2EK27IOULQ,Hit2_video_url_data,https://raw.githubusercontent.com/aoibheannamy/aoibheannamy.github.io/master/manual/TheSpectacularNow-FirstKiss/video2frame60.jpg?token=APCQXYUHGBDZFNAXJZEON5K7IOSUK
https://raw.githubusercontent.com/aoibheannamy/aoibheannamy.github.io/master/Images/spectacularNow1.jpg?token=APCQXYSK6VOJBGYBQEF2EK27IOULQ,,https://raw.githubusercontent.com/aoibheannamy/aoibheannamy.github.io/master/manual/TheSpectacularNow-FirstKiss/video2frame90.jpg?token=APCQXYQ3I4MU5YDIOEMHKPK7IOS5W
https://raw.githubusercontent.com/aoibheannamy/aoibheannamy.github.io/master/Images/spectacularNow1.jpg?token=APCQXYSK6VOJBGYBQEF2EK27IOULQ,,https://raw.githubusercontent.com/aoibheannamy/aoibheannamy.github.io/master/manual/TheSpectacularNow-FirstKiss/video2frame120.jpg?token=APCQXYQVRNZNDCANTPBIT4S7IONZ4
https://raw.githubusercontent.com/aoibheannamy/aoibheannamy.github.io/master/Images/spectacularNow1.jpg?token=APCQXYSK6VOJBGYBQEF2EK27IOULQ,,https://raw.githubusercontent.com/aoibheannamy/aoibheannamy.github.io/master/manual/TheSpectacularNow-FirstKiss/video2frame150.jpg?token=APCQXYRIKXKBJI6VJUEDRKS7ION4C
https://raw.githubusercontent.com/aoibheannamy/aoibheannamy.github.io/master/Images/spectacularNow1.jpg?token=APCQXYSK6VOJBGYBQEF2EK27IOULQ,,https://raw.githubusercontent.com/aoibheannamy/aoibheannamy.github.io/master/manual/TheSpectacularNow-FirstKiss/video2frame180.jpg?token=APCQXYVKGMUFMPYJK7VP2NS7ION4U
https://raw.githubusercontent.com/aoibheannamy/aoibheannamy.github.io/master/Images/spectacularNow1.jpg?token=APCQXYSK6VOJBGYBQEF2EK27IOULQ,,https://raw.githubusercontent.com/aoibheannamy/aoibheannamy.github.io/master/manual/TheSpectacularNow-FirstKiss/video2frame210.jpg?token=APCQXYTPOMV4IATBLPTZUF27ION5K
https://raw.githubusercontent.com/aoibheannamy/aoibheannamy.github.io/master/Images/spectacularNow1.jpg?token=APCQXYSK6VOJBGYBQEF2EK27IOULQ,,https://raw.githubusercontent.com/aoibheannamy/aoibheannamy.github.io/master/manual/TheSpectacularNow-FirstKiss/video2frame240.jpg?token=APCQXYQEPGRQEV66RFUETE27ION6C
https://raw.githubusercontent.com/aoibheannamy/aoibheannamy.github.io/master/Images/spectacularNow1.jpg?token=APCQXYSK6VOJBGYBQEF2EK27IOULQ,,https://raw.githubusercontent.com/aoibheannamy/aoibheannamy.github.io/master/manual/TheSpectacularNow-FirstKiss/video2frame270.jpg?token=APCQXYVLY4JCZ6XGXJS2DMC7IOOAU
https://raw.githubusercontent.com/aoibheannamy/aoibheannamy.github.io/master/Images/spectacularNow1.jpg?token=APCQXYSK6VOJBGYBQEF2EK27IOULQ,,https://raw.githubusercontent.com/aoibheannamy/aoibheannamy.github.io/master/manual/TheSpectacularNow-FirstKiss/video2frame300.jpg?token=APCQXYRK3SFMUJOS3IUFZB27IOOHQ
https://raw.githubusercontent.com/aoibheannamy/aoibheannamy.github.io/master/Images/spectacularNow1.jpg?token=APCQXYSK6VOJBGYBQEF2EK27IOULQ,,https://raw.githubusercontent.com/aoibheannamy/aoibheannamy.github.io/master/manual/TheSpectacularNow-FirstKiss/video2frame330.jpg?token=APCQXYSKD6N7LRNTBH7P2RS7IOOIA
https://raw.githubusercontent.com/aoibheannamy/aoibheannamy.github.io/master/Images/spectacularNow1.jpg?token=APCQXYSK6VOJBGYBQEF2EK27IOULQ,,https://raw.githubusercontent.com/aoibheannamy/aoibheannamy.github.io/master/manual/TheSpectacularNow-FirstKiss/video2frame360.jpg?token=APCQXYWQT7VNLZ2BDHSDV2S7IOOJY
https://raw.githubusercontent.com/aoibheannamy/aoibheannamy.github.io/master/Images/spectacularNow1.jpg?token=APCQXYSK6VOJBGYBQEF2EK27IOULQ,,https://raw.githubusercontent.com/aoibheannamy/aoibheannamy.github.io/master/manual/TheSpectacularNow-FirstKiss/video2frame390.jpg?token=APCQXYRPP2ZJKG4EAZ55T727IOOL4
https://raw.githubusercontent.com/aoibheannamy/aoibheannamy.github.io/master/Images/spectacularNow1.jpg?token=APCQXYSK6VOJBGYBQEF2EK27IOULQ,,https://raw.githubusercontent.com/aoibheannamy/aoibheannamy.github.io/master/manual/TheSpectacularNow-FirstKiss/video2frame420.jpg?token=APCQXYVGQTNSAXQQQXWK2RC7IOOMS
https://raw.githubusercontent.com/aoibheannamy/aoibheannamy.github.io/master/Images/spectacularNow1.jpg?token=APCQXYSK6VOJBGYBQEF2EK27IOULQ,,https://raw.githubusercontent.com/aoibheannamy/aoibheannamy.github.io/master/manual/TheSpectacularNow-FirstKiss/video2frame450.jpg?token=APCQXYVGT3PFMUCZZECDHES7IOONI
https://raw.githubusercontent.com/aoibheannamy/aoibheannamy.github.io/master/Images/spectacularNow1.jpg?token=APCQXYSK6VOJBGYBQEF2EK27IOULQ,,https://raw.githubusercontent.com/aoibheannamy/aoibheannamy.github.io/master/manual/TheSpectacularNow-FirstKiss/video2frame480.jpg?token=APCQXYQCMFXMRTPP6HJNDYK7IOON6
https://raw.githubusercontent.com/aoibheannamy/aoibheannamy.github.io/master/Images/spectacularNow1.jpg?token=APCQXYSK6VOJBGYBQEF2EK27IOULQ,,https://raw.githubusercontent.com/aoibheannamy/aoibheannamy.github.io/master/manual/TheSpectacularNow-FirstKiss/video2frame510.jpg?token=APCQXYU3NSXVGTHU2IE4C6K7IOOQQ
https://raw.githubusercontent.com/aoibheannamy/aoibheannamy.github.io/master/Images/spectacularNow1.jpg?token=APCQXYSK6VOJBGYBQEF2EK27IOULQ,,https://raw.githubusercontent.com/aoibheannamy/aoibheannamy.github.io/master/manual/TheSpectacularNow-FirstKiss/video2frame540.jpg?token=APCQXYS4LN4RYUO246ZTN4K7IOORE
